# Time (s),Total velocity (m/s),Angle of attack (°),Pitch rate (°/s),Yaw rate (°/s),Mass (g),Motor mass (g),Longitudinal moment of inertia (kg·m²),Rotational moment of inertia (kg·m²),CG location (cm),Stability margin calibers (​),Thrust (N),Pitch moment coefficient (​),Yaw moment coefficient (​),Reference length (cm),Reference area (cm²),Vertical orientation (zenith) (°),Lateral orientation (azimuth) (°),Wind velocity (m/s),Air temperature (°C),Air pressure (mbar),Simulation time step (s)
# Event IGNITION occurred at t=0 seconds,,,,,,,,,,,,,,,,,,,,,
# Event LAUNCH occurred at t=0 seconds,,,,,,,,,,,,,,,,,,,,,
0.01,0.093,92.516,0,0,512.754,102.954,0.063,0.0005379,73.26,NaN,0.258,NaN,NaN,7.5,44.179,90,0,2.114,15,1013.25,0.01
0.02,0.083,92.233,0,0,512.708,102.908,0.063,0.0005379,73.256,NaN,0.774,NaN,NaN,7.5,44.179,90,0,2.124,15,1013.25,0.01
0.03,0.073,91.952,0,0,512.662,102.861,0.063,0.0005379,73.252,NaN,1.29,NaN,NaN,7.5,44.179,90,0,2.135,15,1013.25,0.01
0.04,0.063,91.674,0,0,512.616,102.815,0.063,0.0005379,73.249,NaN,1.806,NaN,NaN,7.5,44.179,90,0,2.145,15,1013.25,0.01
0.05,0.053,91.398,0,0,512.57,102.769,0.063,0.0005379,73.245,NaN,2.322,NaN,NaN,7.5,44.179,90,0,2.156,15,1013.25,0.01
0.06,0.043,91.14,0,0,512.523,102.723,0.063,0.0005379,73.242,NaN,2.838,NaN,NaN,7.5,44.179,90,0,2.137,15,1013.25,0.01
0.07,0.032,90.878,0,0,512.477,102.677,0.063,0.0005379,73.238,NaN,3.355,NaN,NaN,7.5,44.179,90,0,2.119,15,1013.25,0.01
0.08,0.022,90.611,0,0,512.431,102.63,0.063,0.0005378,73.234,NaN,3.871,NaN,NaN,7.5,44.179,90,0,2.1,15,1013.25,0.01
0.09,0.012,90.339,0,0,512.385,102.584,0.063,0.0005378,73.231,NaN,4.387,NaN,NaN,7.5,44.179,90,0,2.082,15,1013.25,0.01
0.1,0.002,90.062,0,0,512.339,102.538,0.063,0.0005378,73.227,NaN,4.903,NaN,NaN,7.5,44.179,90,0,2.064,15,1013.25,0.01
0.11,0.008,89.782,0,0,512.293,102.492,0.063,0.0005378,73.224,NaN,5.419,NaN,NaN,7.5,44.179,90,0,2.066,15,1013.25,0.01
0.12,0.026,89.286,0,0,512.246,102.446,0.063,0.0005378,73.22,NaN,5.935,NaN,NaN,7.5,44.179,90,0,2.069,15,1013.25,0.01
0.13,0.054,88.512,0,0,512.2,102.4,0.063,0.0005378,73.216,NaN,6.451,NaN,NaN,7.5,44.179,90,0,2.072,15,1013.25,0.01
0.14,0.092,87.463,0,0,512.154,102.353,0.063,0.0005378,73.213,NaN,6.967,NaN,NaN,7.5,44.179,90,0,2.074,15,1013.25,0.01
0.15,0.14,86.141,0,0,512.093,102.292,0.063,0.0005378,73.208,NaN,7.484,NaN,NaN,7.5,44.179,90,0,2.077,15,1013.25,0.01
0.16,0.199,84.549,0,0,511.973,102.172,0.063,0.0005378,73.199,NaN,8.042,NaN,NaN,7.5,44.179,90,0,2.088,15,1013.25,0.01
0.17,0.27,82.677,0,0,511.852,102.052,0.062,0.0005378,73.189,NaN,8.619,NaN,NaN,7.5,44.179,90,0,2.099,15,1013.249,0.01
0.18,0.351,80.542,0,0,511.732,101.931,0.062,0.0005378,73.18,NaN,9.196,NaN,NaN,7.5,44.179,90,0,2.11,15,1013.249,0.01
0.19,0.445,78.16,0,0,511.612,101.811,0.062,0.0005378,73.17,NaN,9.772,NaN,NaN,7.5,44.179,90,0,2.12,15,1013.248,0.01
0.2,0.549,75.557,0,0,511.492,101.691,0.062,0.0005377,73.161,NaN,10.349,NaN,NaN,7.5,44.179,90,0,2.131,15,1013.248,0.01
# Event LIFTOFF occurred at t=0.21 seconds,,,,,,,,,,,,,,,,,,,,,
0.21,0.665,72.545,0,0,511.371,101.571,0.062,0.0005377,73.151,NaN,10.926,NaN,NaN,7.5,44.179,90,0,2.114,15,1013.247,0.01
0.22,0.792,69.308,0,0,511.251,101.45,0.062,0.0005377,73.142,NaN,11.503,NaN,NaN,7.5,44.179,90,0,2.096,15,1013.246,0.01
0.23,0.93,65.892,0,0,511.12,101.319,0.062,0.0005377,73.132,NaN,12.081,NaN,NaN,7.5,44.179,90,0,2.078,15,1013.245,0.01
0.24,1.08,62.331,0,0,510.947,101.146,0.062,0.0005377,73.118,NaN,12.692,NaN,NaN,7.5,44.179,90,0,2.061,15,1013.244,0.01
0.25,1.243,58.68,0,0,510.774,100.973,0.062,0.0005377,73.104,NaN,13.319,NaN,NaN,7.5,44.179,90,0,2.043,15,1013.243,0.01
0.26,1.418,55.22,0,0,510.6,100.8,0.062,0.0005377,73.091,NaN,13.946,NaN,NaN,7.5,44.179,90,0,2.042,15,1013.241,0.01
0.27,1.606,51.811,0,0,510.427,100.627,0.062,0.0005376,73.077,NaN,14.573,NaN,NaN,7.5,44.179,90,0,2.041,14.999,1013.239,0.01
0.28,1.806,48.496,0,0,510.254,100.453,0.062,0.0005376,73.063,NaN,15.2,NaN,NaN,7.5,44.179,90,0,2.041,14.999,1013.237,0.01
0.29,2.018,45.31,0,0,510.081,100.28,0.062,0.0005376,73.05,NaN,15.827,NaN,NaN,7.5,44.179,90,0,2.04,14.999,1013.235,0.01
0.3,2.242,42.279,0,0,509.879,100.078,0.062,0.0005376,73.034,NaN,16.457,NaN,NaN,7.5,44.179,90,0,2.039,14.999,1013.233,0.01
0.31,2.48,39.048,0,0,509.657,99.857,0.062,0.0005376,73.016,NaN,17.103,NaN,NaN,7.5,44.179,90,0,2.012,14.999,1013.23,0.01
0.32,2.73,36.009,0,0,509.436,99.635,0.062,0.0005375,72.999,NaN,17.75,NaN,NaN,7.5,44.179,90,0,1.984,14.999,1013.227,0.01
0.33,2.993,33.176,0,0,509.215,99.414,0.062,0.0005375,72.981,NaN,18.398,NaN,NaN,7.5,44.179,90,0,1.957,14.999,1013.223,0.01
0.34,3.269,30.551,0,0,508.993,99.193,0.062,0.0005375,72.964,NaN,19.045,NaN,NaN,7.5,44.179,90,0,1.929,14.998,1013.22,0.01
0.35,3.557,28.131,0,0,508.772,98.971,0.062,0.0005375,72.946,NaN,19.692,NaN,NaN,7.5,44.179,90,0,1.902,14.998,1013.216,0.01
0.36,3.86,26.373,0,0,508.524,98.723,0.062,0.0005374,72.927,NaN,20.396,NaN,NaN,7.5,44.179,90,0,1.914,14.998,1013.211,0.01
0.37,4.18,24.736,0,0,508.264,98.463,0.062,0.0005374,72.906,NaN,21.264,NaN,NaN,7.5,44.179,90,0,1.926,14.998,1013.207,0.01
0.38,4.517,23.216,0,0,508.004,98.203,0.062,0.0005374,72.885,NaN,22.141,NaN,NaN,7.5,44.179,90,0,1.937,14.997,1013.202,0.01
0.39,4.87,21.814,0,0,507.72,97.919,0.062,0.0005374,72.863,NaN,22.955,NaN,NaN,7.5,44.179,90,0,1.949,14.997,1013.196,0.01
0.4,5.237,20.53,0,0,507.429,97.629,0.062,0.0005373,72.84,NaN,23.636,NaN,NaN,7.5,44.179,90,0,1.961,14.997,1013.19,0.01
0.41,5.617,19.286,0,0,507.139,97.338,0.062,0.0005373,72.816,NaN,24.313,NaN,NaN,7.5,44.179,90,0,1.966,14.996,1013.184,0.01
0.42,6.011,18.147,0,0,506.848,97.048,0.062,0.0005373,72.793,NaN,24.984,NaN,NaN,7.5,44.179,90,0,1.97,14.996,1013.177,0.01
0.43,6.406,17.132,0,0,506.556,96.756,0.062,0.0005372,72.77,NaN,25.034,NaN,NaN,7.5,44.179,90,0,1.975,14.996,1013.17,0.01
0.44,6.794,16.243,0,0,506.264,96.463,0.062,0.0005372,72.746,NaN,24.657,NaN,NaN,7.5,44.179,90,0,1.979,14.995,1013.162,0.01
0.45,7.174,15.457,0,0,505.972,96.171,0.062,0.0005372,72.723,NaN,24.28,NaN,NaN,7.5,44.179,90,0,1.984,14.995,1013.154,0.01
0.46,7.547,14.769,0,0,505.679,95.879,0.061,0.0005371,72.699,NaN,23.903,NaN,NaN,7.5,44.179,90,0,1.99,14.994,1013.145,0.01
0.47,7.912,14.155,0,0,505.387,95.586,0.061,0.0005371,72.676,NaN,23.526,NaN,NaN,7.5,44.179,90,0,1.996,14.994,1013.136,0.01
# Event LAUNCHROD occurred at t=0.48 seconds,,,,,,,,,,,,,,,,,,,,,
0.48,8.271,13.603,0,0,505.103,95.302,0.061,0.0005371,72.653,NaN,23.143,NaN,NaN,7.5,44.179,90,0,2.001,14.993,1013.127,0.01
0.495,8.791,12.83,-1.16,-0.000006941,504.704,94.904,0.061,0.000537,72.621,-3.464,22.53,-5.123,-0.0002407,7.5,44.179,89.991,179.997,2.01,14.992,1013.112,0.015
0.518,9.528,11.786,-2.982,-0.0001636,504.107,94.306,0.061,0.000537,72.573,-3.585,21.558,-4.595,0.00007729,7.5,44.179,89.945,179.997,2.003,14.991,1013.087,0.023
0.551,10.564,10.581,-5.854,-0.0002023,503.286,93.485,0.061,0.0005369,72.506,-3.744,20.503,-3.994,0.0001252,7.5,44.179,89.796,179.998,1.984,14.989,1013.048,0.034
0.597,11.878,9.609,-10.053,-0.0001544,502.191,92.391,0.061,0.0005368,72.417,-3.887,19.549,-3.497,-0.00001098,7.5,44.179,89.435,179.999,1.983,14.985,1012.988,0.046
0.638,12.998,8.886,-14.18,-0.0004265,501.275,91.474,0.061,0.0005367,72.343,-4.006,18.681,-3.119,0.00002598,7.5,44.179,88.934,179.999,1.93,14.982,1012.927,0.041
0.677,13.998,8.803,-18.366,0.0005493,500.413,90.613,0.061,0.0005366,72.272,-4.013,18.007,-3.019,0.0004631,7.5,44.179,88.302,180,1.953,14.979,1012.866,0.039
0.712,14.852,8.875,-22.638,0.0003619,499.686,89.886,0.06,0.0005365,72.213,-3.991,17.465,-2.978,-0.00002903,7.5,44.179,87.592,180,1.966,14.975,1012.807,0.035
0.743,15.603,8.845,-26.758,0.0005251,499.049,89.248,0.06,0.0005364,72.16,-3.99,17.198,-2.894,-0.00009643,7.5,44.179,86.82,180,1.914,14.972,1012.751,0.031
0.772,16.291,8.983,-30.913,0.00071,498.453,88.652,0.06,0.0005364,72.111,-3.957,16.967,-2.876,0.0001468,7.5,44.179,85.979,180,1.874,14.969,1012.696,0.029
0.799,16.913,9.23,-35.082,0.00005636,497.902,88.102,0.06,0.0005363,72.065,-3.906,16.752,-2.901,-0.0002341,7.5,44.179,85.089,180,1.84,14.966,1012.644,0.027
0.824,17.474,9.756,-39.313,-0.0002761,497.396,87.595,0.06,0.0005363,72.023,-3.81,16.554,-3.044,-0.0001062,7.5,44.179,84.166,180,1.872,14.964,1012.594,0.025
0.846,17.966,10.296,-43.526,-0.0001114,496.944,87.143,0.06,0.0005362,71.986,-3.718,16.375,-3.191,-0.0004483,7.5,44.179,83.248,180,1.902,14.961,1012.548,0.022
0.866,18.401,10.897,-47.73,0.000335,496.55,86.749,0.06,0.0005362,71.953,-3.624,16.225,-3.364,0.000343,7.5,44.179,82.336,180,1.947,14.959,1012.505,0.02
0.885,18.79,11.499,-51.922,-0.0004331,496.204,86.403,0.06,0.0005361,71.924,-3.536,16.135,-3.537,0.0002127,7.5,44.179,81.435,180,1.991,14.957,1012.466,0.018
0.901,19.141,12.092,-56.093,-0.0003404,495.888,86.087,0.06,0.0005361,71.898,-3.456,16.059,-3.706,-0.0002873,7.5,44.179,80.544,180,2.031,14.955,1012.429,0.017
0.916,19.46,12.688,-60.253,0.0001452,495.597,85.796,0.06,0.0005361,71.873,-3.381,15.99,-3.873,0.0004653,7.5,44.179,79.66,180,2.072,14.953,1012.395,0.015
0.93,19.752,13.275,-64.398,-0.0004763,495.328,85.527,0.06,0.000536,71.851,-3.312,15.926,-4.036,-0.0002343,7.5,44.179,78.784,180,2.109,14.951,1012.362,0.014
0.943,20.02,13.855,-68.531,0.00005231,495.077,85.276,0.06,0.000536,71.83,-3.247,15.866,-4.196,-0.0004848,7.5,44.179,77.914,180,2.144,14.949,1012.332,0.013
0.956,20.269,14.377,-72.656,0.0003828,494.842,85.041,0.06,0.000536,71.81,-3.193,15.81,-4.325,-0.0000734,7.5,44.179,77.047,180,2.158,14.948,1012.303,0.012
0.967,20.501,14.844,-76.743,0.0006257,494.619,84.819,0.06,0.000536,71.792,-3.146,15.758,-4.425,-0.0003075,7.5,44.179,76.179,180,2.15,14.946,1012.275,0.012
0.978,20.721,15.322,-80.832,0.0004776,494.407,84.606,0.06,0.000536,71.774,-3.1,15.708,-4.528,-0.0004409,7.5,44.179,75.304,180,2.143,14.945,1012.249,0.011
0.989,20.928,15.809,-84.918,0.0008407,494.203,84.402,0.06,0.0005359,71.757,-3.056,15.661,-4.635,0.000496,7.5,44.179,74.423,180,2.136,14.943,1012.223,0.011
0.999,21.124,16.303,-89.001,0.0003652,494.008,84.207,0.059,0.0005359,71.74,-3.013,15.615,-4.743,-0.00009649,7.5,44.179,73.536,180,2.129,14.942,1012.198,0.01
1.009,21.31,16.782,-93.077,0.0007102,493.821,84.02,0.059,0.0005359,71.725,-2.973,15.571,-4.84,-0.0004509,7.5,44.179,72.646,180,2.114,14.94,1012.174,0.01
1.018,21.486,17.268,-97.151,0.0006633,493.64,83.84,0.059,0.0005359,71.709,-2.935,15.529,-4.939,0.0001744,7.5,44.179,71.749,180,2.1,14.939,1012.15,0.009
1.028,21.654,17.761,-101.221,0.0007519,493.466,83.666,0.059,0.0005359,71.695,-2.897,15.488,-5.039,-0.00003579,7.5,44.179,70.848,180,2.085,14.938,1012.127,0.009
1.036,21.813,18.26,-105.29,0.0003838,493.298,83.498,0.059,0.0005358,71.68,-2.861,15.449,-5.14,0.0003185,7.5,44.179,69.942,180,2.072,14.937,1012.105,0.009
1.045,21.964,18.764,-109.357,0.0005214,493.142,83.341,0.059,0.0005358,71.667,-2.826,15.417,-5.242,-0.0003809,7.5,44.179,69.031,180,2.059,14.935,1012.083,0.008
1.053,22.108,19.295,-113.421,0.0001478,492.991,83.19,0.059,0.0005358,71.655,-2.791,15.393,-5.356,-0.00006728,7.5,44.179,68.117,180,2.054,14.934,1012.062,0.008
1.061,22.245,19.863,-117.495,0.0001061,492.845,83.045,0.059,0.0005358,71.642,-2.755,15.37,-5.486,-0.0001584,7.5,44.179,67.2,180,2.064,14.933,1012.042,0.008
1.069,22.375,20.428,-121.564,0.0002304,492.705,82.904,0.059,0.0005358,71.63,-2.721,15.348,-5.614,-0.0001577,7.5,44.179,66.285,180,2.073,14.932,1012.022,0.008
1.076,22.498,20.993,-125.629,0.00003378,492.569,82.768,0.059,0.0005358,71.619,-2.688,15.326,-5.738,0.000005969,7.5,44.179,65.37,180,2.082,14.931,1012.003,0.007
1.083,22.614,21.555,-129.691,0.0004631,492.437,82.636,0.059,0.0005357,71.608,-2.657,15.306,-5.86,-0.0001609,7.5,44.179,64.456,180,2.09,14.93,1011.984,0.007
1.09,22.725,22.117,-133.75,0.0002953,492.309,82.509,0.059,0.0005357,71.597,-2.627,15.285,-5.978,-0.0004615,7.5,44.179,63.54,180,2.099,14.929,1011.966,0.007
1.097,22.83,22.679,-137.806,0.0004102,492.185,82.385,0.059,0.0005357,71.586,-2.599,15.266,-6.094,0.00008003,7.5,44.179,62.623,180,2.107,14.928,1011.948,0.007
1.103,22.93,23.216,-141.858,0.0002135,492.065,82.264,0.059,0.0005357,71.576,-2.572,15.247,-6.192,-0.0001664,7.5,44.179,61.705,180,2.105,14.927,1011.931,0.007
1.11,23.025,23.734,-145.9,0.0006408,491.947,82.146,0.059,0.0005357,71.566,-2.548,15.228,-6.276,-0.0003543,7.5,44.179,60.782,180,2.095,14.926,1011.914,0.006
1.116,23.115,24.257,-149.941,0.0003109,491.831,82.031,0.059,0.0005357,71.556,-2.524,15.21,-6.36,-0.00042,7.5,44.179,59.853,180,2.085,14.925,1011.897,0.006
1.122,23.201,24.783,-153.981,0.0002922,491.718,81.918,0.059,0.0005357,71.547,-2.501,15.193,-6.443,-0.0002408,7.5,44.179,58.918,180,2.075,14.924,1011.881,0.006
1.128,23.283,25.313,-158.019,0.0004642,491.608,81.807,0.059,0.0005357,71.537,-2.479,15.175,-6.524,-0.000002803,7.5,44.179,57.977,180,2.065,14.923,1011.865,0.006
1.134,23.361,25.847,-162.056,0.0003342,491.499,81.698,0.059,0.0005356,71.528,-2.457,15.158,-6.604,0.0001652,7.5,44.179,57.03,180,2.056,14.922,1011.849,0.006
1.14,23.435,26.385,-166.091,0.0005061,491.392,81.592,0.059,0.0005356,71.519,-2.436,15.141,-6.682,0.0004817,7.5,44.179,56.076,180,2.047,14.921,1011.833,0.006
1.146,23.504,26.927,-170.124,0.0002096,491.287,81.487,0.059,0.0005356,71.51,-2.415,15.125,-6.758,0.0001687,7.5,44.179,55.116,180,2.038,14.921,1011.818,0.006
1.151,23.57,27.485,-174.157,0.0003732,491.184,81.383,0.059,0.0005356,71.501,-2.395,15.109,-6.839,0.0001642,7.5,44.179,54.149,180,2.033,14.92,1011.803,0.006
1.157,23.632,28.08,-178.195,0.0001186,491.083,81.282,0.059,0.0005356,71.493,-2.374,15.093,-6.937,-0.0001655,7.5,44.179,53.175,180,2.044,14.919,1011.788,0.006
1.162,23.69,28.675,-182.23,0.0005331,490.983,81.182,0.059,0.0005356,71.484,-2.353,15.077,-7.031,-0.0001243,7.5,44.179,52.198,180,2.054,14.918,1011.773,0.005
1.168,23.744,29.272,-186.263,0.0003136,490.885,81.084,0.059,0.0005356,71.476,-2.334,15.062,-7.119,-0.0001533,7.5,44.179,51.216,180,2.063,14.917,1011.759,0.005
1.173,23.794,29.87,-190.293,0.0007742,490.789,80.988,0.059,0.0005356,71.468,-2.315,15.047,-7.204,0.00002528,7.5,44.179,50.228,180,2.073,14.917,1011.745,0.005
1.178,23.841,30.471,-194.321,0.0005163,490.694,80.893,0.059,0.0005356,71.46,-2.297,15.032,-7.284,-0.0004719,7.5,44.179,49.235,180,2.083,14.916,1011.731,0.005
1.183,23.883,31.073,-198.347,0.0006652,490.6,80.8,0.059,0.0005356,71.452,-2.279,15.017,-7.36,-0.0001134,7.5,44.179,48.234,180,2.092,14.915,1011.717,0.005
1.188,23.923,31.679,-202.372,0.0008313,490.508,80.707,0.059,0.0005355,71.444,-2.262,15.003,-7.431,-0.0004801,7.5,44.179,47.226,180,2.101,14.914,1011.703,0.005
1.193,23.958,32.288,-206.393,0.0005929,490.416,80.616,0.059,0.0005355,71.436,-2.245,14.989,-7.499,-0.0002044,7.5,44.179,46.21,180,2.11,14.914,1011.69,0.005
1.198,23.99,32.901,-210.413,0.0007723,490.326,80.525,0.059,0.0005355,71.428,-2.229,14.975,-7.561,-0.0003784,7.5,44.179,45.186,180,2.119,14.913,1011.677,0.005
1.203,24.018,33.514,-214.431,0.0008776,490.237,80.436,0.059,0.0005355,71.421,-2.213,14.961,-7.616,-0.0002424,7.5,44.179,44.151,180,2.126,14.912,1011.664,0.005
1.208,24.043,34.128,-218.446,0.001,490.149,80.349,0.059,0.0005355,71.413,-2.198,14.948,-7.664,0.0002911,7.5,44.179,43.106,180,2.132,14.911,1011.651,0.005
1.213,24.065,34.748,-222.459,0.0007205,490.064,80.263,0.059,0.0005355,71.406,-2.183,14.94,-7.709,-0.00003461,7.5,44.179,42.05,180,2.138,14.911,1011.638,0.005
1.217,24.083,35.375,-226.47,0.0008283,489.978,80.178,0.059,0.0005355,71.398,-2.169,14.933,-7.749,0.0003049,7.5,44.179,40.981,180,2.143,14.91,1011.625,0.005
1.222,24.097,36.008,-230.479,0.001,489.894,80.093,0.059,0.0005355,71.391,-2.154,14.926,-7.784,-0.0002736,7.5,44.179,39.898,180,2.149,14.909,1011.612,0.005
1.227,24.108,36.648,-234.487,0.0009448,489.809,80.009,0.059,0.0005355,71.384,-2.14,14.919,-7.814,0.00007846,7.5,44.179,38.802,180,2.154,14.909,1011.6,0.005
1.232,24.115,37.296,-238.492,0.0009055,489.725,79.925,0.059,0.0005355,71.377,-2.127,14.912,-7.838,0.0003012,7.5,44.179,37.691,180,2.159,14.908,1011.587,0.005
1.236,24.118,37.952,-242.495,0.001,489.641,79.841,0.059,0.0005355,71.37,-2.114,14.906,-7.858,0.0001464,7.5,44.179,36.563,180,2.165,14.907,1011.575,0.005
1.241,24.118,38.617,-246.497,0.0008956,489.558,79.757,0.059,0.0005354,71.362,-2.1,14.899,-7.871,0.000151,7.5,44.179,35.419,180,2.17,14.906,1011.563,0.005
1.246,24.114,39.292,-250.496,0.0007927,489.474,79.673,0.059,0.0005354,71.355,-2.088,14.892,-7.878,0.0003035,7.5,44.179,34.255,180,2.176,14.906,1011.55,0.005
1.25,24.105,39.977,-254.492,0.001,489.39,79.59,0.059,0.0005354,71.348,-2.075,14.885,-7.878,0.00009656,7.5,44.179,33.073,180,2.181,14.905,1011.538,0.005
1.255,24.093,40.661,-258.485,0.001,489.306,79.506,0.059,0.0005354,71.341,-2.063,14.878,-7.866,-0.00009445,7.5,44.179,31.869,180,2.181,14.904,1011.526,0.005
1.26,24.076,41.359,-262.475,0.000997,489.222,79.421,0.059,0.0005354,71.334,-2.051,14.871,-7.849,-0.000114,7.5,44.179,30.641,180,2.181,14.904,1011.513,0.005
1.264,24.055,42.07,-266.463,0.001,489.137,79.337,0.059,0.0005354,71.326,-2.039,14.864,-7.823,-0.0001701,7.5,44.179,29.389,180,2.181,14.903,1011.501,0.005
1.269,24.03,42.796,-270.448,0.001,489.052,79.251,0.059,0.0005354,71.319,-2.027,14.857,-7.79,-0.0003265,7.5,44.179,28.109,180,2.181,14.902,1011.489,0.005
1.274,23.999,43.538,-274.429,0.002,488.966,79.166,0.059,0.0005354,71.312,-2.016,14.85,-7.749,-0.000403,7.5,44.179,26.8,180,2.181,14.902,1011.476,0.005
1.279,23.964,44.299,-278.408,0.001,488.879,79.079,0.059,0.0005354,71.304,-2.004,14.843,-7.699,-0.00009177,7.5,44.179,25.459,180,2.181,14.901,1011.464,0.005
1.284,23.923,45.078,-282.383,0.001,488.792,78.991,0.059,0.0005354,71.297,-1.993,14.836,-7.64,0.0001515,7.5,44.179,24.084,180,2.181,14.9,1011.452,0.005
1.289,23.876,45.879,-286.355,0.002,488.703,78.902,0.059,0.0005354,71.289,-1.982,14.828,-7.571,0.0001329,7.5,44.179,22.672,180,2.181,14.9,1011.439,0.005
1.294,23.823,46.702,-290.322,0.001,488.613,78.812,0.059,0.0005353,71.281,-1.971,14.821,-7.489,-0.0001962,7.5,44.179,21.218,180,2.181,14.899,1011.426,0.005
1.299,23.764,47.552,-294.284,0.002,488.521,78.72,0.059,0.0005353,71.273,-1.96,14.814,-7.396,0.0001931,7.5,44.179,19.72,180,2.181,14.898,1011.414,0.005
1.304,23.698,48.42,-298.24,0.001,488.427,78.627,0.059,0.0005353,71.265,-1.949,14.806,-7.286,-0.0001686,7.5,44.179,18.171,180,2.176,14.898,1011.401,0.005
1.309,23.624,49.317,-302.191,0.001,488.332,78.531,0.058,0.0005353,71.257,-1.938,14.798,-7.159,0.0003561,7.5,44.179,16.566,180,2.171,14.897,1011.388,0.005
1.315,23.541,50.251,-306.135,0.002,488.234,78.433,0.058,0.0005353,71.249,-1.927,14.79,-7.017,0.0002409,7.5,44.179,14.897,180,2.165,14.896,1011.375,0.005
1.321,23.449,51.225,-310.07,0.002,488.133,78.332,0.058,0.0005353,71.24,-1.916,14.782,-6.856,-0.0001597,7.5,44.179,13.158,180,2.159,14.895,1011.361,0.006
1.326,23.347,52.246,-313.997,0.002,488.028,78.228,0.058,0.0005353,71.231,-1.905,14.774,-6.673,0.0001899,7.5,44.179,11.337,180,2.153,14.895,1011.347,0.006
1.332,23.233,53.322,-317.912,0.002,487.92,78.119,0.058,0.0005353,71.222,-1.895,14.765,-6.465,0.0002551,7.5,44.179,9.421,180,2.146,14.894,1011.333,0.006
1.339,23.106,54.46,-321.814,0.002,487.807,78.006,0.058,0.0005353,71.212,-1.883,14.756,-6.228,-0.0004312,7.5,44.179,7.396,180,2.14,14.893,1011.319,0.006
1.345,22.963,55.675,-325.699,0.002,487.688,77.887,0.058,0.0005352,71.202,-1.872,14.746,-5.956,0.0004499,7.5,44.179,5.239,180,2.132,14.892,1011.304,0.007
1.353,22.801,56.995,-329.563,0.001,487.561,77.76,0.058,0.0005352,71.191,-1.861,14.736,-5.641,0.0002433,7.5,44.179,2.922,180,2.13,14.891,1011.288,0.007
1.36,22.615,58.454,-333.397,0.002,487.425,77.625,0.058,0.0005352,71.179,-1.849,14.725,-5.271,0.0002743,7.5,44.179,0.403,180,2.137,14.89,1011.271,0.008
1.368,22.4,60.069,-337.188,0.002,487.277,77.476,0.058,0.0005352,71.166,-1.836,14.713,-4.824,0.0004567,7.5,44.179,-2.379,180,2.144,14.889,1011.254,0.008
1.377,22.156,61.826,-340.772,0.002,487.118,77.317,0.058,0.0005352,71.152,-1.824,14.701,-4.298,-0.0002519,7.5,44.179,-5.395,180,2.152,14.888,1011.235,0.009
1.386,21.901,63.587,-343.807,0.002,486.96,77.16,0.058,0.0005352,71.139,-1.812,14.688,-3.729,-0.0001077,7.5,44.179,-8.409,180,2.16,14.887,1011.218,0.009
1.395,21.637,65.354,-346.301,0.002,486.804,77.004,0.058,0.0005352,71.125,-1.801,14.675,-3.117,0.0001411,7.5,44.179,-11.42,180,2.167,14.886,1011.201,0.009
1.404,21.364,67.118,-348.259,0.002,486.649,76.849,0.058,0.0005351,71.112,-1.791,14.662,-2.466,-0.0001038,7.5,44.179,-14.429,180,2.172,14.886,1011.184,0.009
1.412,21.083,68.875,-349.698,0.002,486.495,76.695,0.058,0.0005351,71.098,-1.782,14.649,-1.781,0.0004636,7.5,44.179,-17.436,180,2.171,14.885,1011.168,0.009
1.421,20.796,70.638,-350.627,0.002,486.342,76.541,0.058,0.0005351,71.085,-1.773,14.637,-1.059,0.0003603,7.5,44.179,-20.44,180,2.171,14.884,1011.153,0.009
1.429,20.504,72.4,-351.059,0.002,486.186,76.385,0.058,0.0005351,71.072,-1.765,14.715,-0.301,-0.0001332,7.5,44.179,-23.442,180,2.17,14.883,1011.139,0.009
1.438,20.209,74.15,-351.005,0.002,486.029,76.228,0.058,0.0005351,71.058,-1.758,15.031,0.488,-0.000235,7.5,44.179,-26.442,180,2.17,14.882,1011.124,0.009
1.446,19.912,75.883,-350.483,0.003,485.872,76.071,0.058,0.0005351,71.044,-1.752,15.36,1.307,0.0004534,7.5,44.179,-29.44,180,2.169,14.881,1011.111,0.009
1.455,19.614,77.586,-349.507,0.003,485.714,75.914,0.058,0.000535,71.031,-1.746,15.66,2.135,-0.0001177,7.5,44.179,-32.437,180,2.162,14.881,1011.098,0.009
1.463,19.312,79.278,-348.109,0.003,485.556,75.755,0.058,0.000535,71.017,-1.74,15.606,2.974,-0.00000201,7.5,44.179,-35.431,180,2.15,14.88,1011.085,0.009
1.472,19.007,80.976,-346.306,0.003,485.397,75.596,0.058,0.000535,71.003,-1.736,15.445,3.833,-0.0003604,7.5,44.179,-38.423,180,2.139,14.879,1011.073,0.009
1.481,18.7,82.679,-344.111,0.004,485.237,75.436,0.058,0.000535,70.989,-1.731,15.283,4.711,0.00007852,7.5,44.179,-41.414,180,2.127,14.879,1011.061,0.009
1.489,18.396,84.386,-341.387,0.004,485.076,75.275,0.058,0.000535,70.975,-1.747,15.12,6.319,-0.0003573,7.5,44.179,-44.403,180,2.114,14.878,1011.05,0.009
1.498,18.1,86.097,-337.953,0.004,484.914,75.113,0.058,0.000535,70.961,-1.767,14.956,7.837,0.0001169,7.5,44.179,-47.388,180,2.102,14.877,1011.039,0.009
1.507,17.812,87.858,-333.917,0.004,484.753,74.952,0.058,0.0005349,70.947,-1.788,14.808,9.349,-0.0001402,7.5,44.179,-50.371,180,2.114,14.877,1011.029,0.009
1.515,17.555,89.474,-329.711,0.004,484.606,74.805,0.058,0.0005349,70.934,-1.809,14.779,10.631,-0.0001696,7.5,44.179,-53.105,180,2.131,14.876,1011.02,0.008
1.523,17.329,90.915,-325.576,0.004,484.472,74.672,0.058,0.0005349,70.922,-1.829,14.774,11.687,-0.00003536,7.5,44.179,-55.568,180,2.146,14.876,1011.011,0.008
1.53,17.123,92.237,-321.482,0.005,484.347,74.546,0.058,0.0005349,70.911,-1.848,14.769,12.587,-0.0004071,7.5,44.179,-57.853,180,2.16,14.876,1011.004,0.007
1.537,16.932,93.472,-317.414,0.005,484.227,74.426,0.058,0.0005349,70.901,-1.868,14.764,13.372,-0.0001587,7.5,44.179,-60.013,179.999,2.173,14.875,1010.997,0.007
1.543,16.752,94.637,-313.365,0.005,484.11,74.31,0.058,0.0005349,70.891,-1.887,14.759,14.068,0.0002066,7.5,44.179,-62.078,179.999,2.186,14.875,1010.991,0.007
1.55,16.581,95.745,-309.329,0.005,483.996,74.196,0.058,0.0005349,70.881,-1.906,14.755,14.689,-0.0002524,7.5,44.179,-64.07,179.999,2.199,14.874,1010.985,0.006
1.556,16.417,96.752,-305.322,0.005,483.884,74.084,0.058,0.0005348,70.871,-1.923,14.75,15.065,-0.0004166,7.5,44.179,-66.004,179.999,2.187,14.874,1010.98,0.006
1.562,16.256,97.725,-301.323,0.006,483.773,73.972,0.058,0.0005348,70.861,-1.94,14.746,15.394,-0.0003602,7.5,44.179,-67.908,179.999,2.173,14.874,1010.974,0.006
1.569,16.098,98.669,-297.329,0.006,483.661,73.86,0.058,0.0005348,70.851,-1.958,14.742,15.693,-0.0001631,7.5,44.179,-69.789,179.999,2.16,14.874,1010.969,0.006
1.575,15.942,99.584,-293.339,0.006,483.549,73.748,0.058,0.0005348,70.841,-1.976,14.737,15.961,0.0001566,7.5,44.179,-71.65,179.999,2.146,14.873,1010.964,0.006
1.581,15.789,100.473,-289.352,0.006,483.436,73.636,0.058,0.0005348,70.831,-1.994,14.733,16.203,0.0002844,7.5,44.179,-73.496,179.999,2.132,14.873,1010.96,0.006
1.588,15.637,101.335,-285.369,0.006,483.323,73.522,0.058,0.0005348,70.821,-2.013,14.728,16.421,-0.0002359,7.5,44.179,-75.329,179.999,2.118,14.873,1010.955,0.006
1.594,15.486,102.172,-281.388,0.007,483.208,73.408,0.058,0.0005348,70.811,-2.032,14.724,16.614,-0.0001409,7.5,44.179,-77.152,179.999,2.104,14.873,1010.95,0.006
1.6,15.336,102.986,-277.411,0.007,483.093,73.292,0.058,0.0005348,70.801,-2.052,14.719,16.798,-0.0004398,7.5,44.179,-78.968,179.999,2.091,14.872,1010.946,0.007
1.607,15.188,103.803,-273.424,0.007,482.976,73.175,0.058,0.0005348,70.791,-2.075,14.715,17.093,0.0004321,7.5,44.179,-80.779,179.999,2.095,14.872,1010.942,0.007
1.614,15.041,104.587,-269.441,0.007,482.858,73.058,0.058,0.0005347,70.781,-2.098,14.71,17.36,0.0002397,7.5,44.179,-82.575,179.998,2.099,14.872,1010.938,0.007
1.62,14.895,105.339,-265.462,0.007,482.739,72.939,0.057,0.0005347,70.77,-2.121,14.706,17.601,-0.0004547,7.5,44.179,-84.362,179.998,2.102,14.872,1010.934,0.007
1.627,14.75,106.06,-261.486,0.007,482.619,72.819,0.057,0.0005347,70.76,-2.145,14.701,17.819,-0.0002808,7.5,44.179,-86.14,179.997,2.106,14.871,1010.931,0.007
1.634,14.607,106.75,-257.513,0.008,482.498,72.697,0.057,0.0005347,70.749,-2.17,14.696,18.012,0.00005354,7.5,44.179,-87.913,179.995,2.109,14.871,1010.928,0.007
1.641,14.463,107.407,-253.543,0.008,482.375,72.574,0.057,0.0005347,70.738,-2.196,14.692,18.186,-0.0000777,7.5,44.179,-89.684,179.968,2.113,14.871,1010.924,0.007
1.648,14.32,108.032,-249.576,0.008,482.25,72.449,0.057,0.0005347,70.727,-2.222,14.687,18.339,0.0001777,7.5,44.179,-88.547,0.006,2.117,14.871,1010.921,0.007
1.655,14.177,108.609,-245.615,0.008,482.122,72.322,0.057,0.0005347,70.716,-2.247,14.682,18.377,0.000225,7.5,44.179,-86.775,0.003,2.11,14.871,1010.919,0.007
1.662,14.032,109.149,-241.664,0.009,481.992,72.192,0.057,0.0005346,70.704,-2.272,14.677,18.364,0.0004674,7.5,44.179,-84.994,0.002,2.098,14.871,1010.916,0.007
1.67,13.887,109.658,-237.713,0.009,481.859,72.059,0.057,0.0005346,70.692,-2.298,14.672,18.337,0.00006121,7.5,44.179,-83.199,0.001,2.086,14.871,1010.913,0.007
1.678,13.74,110.134,-233.765,0.009,481.723,71.922,0.057,0.0005346,70.68,-2.325,14.666,18.296,0.0001744,7.5,44.179,-81.389,0.0006799,2.073,14.87,1010.911,0.008
1.685,13.591,110.574,-229.819,0.009,481.582,71.782,0.057,0.0005346,70.668,-2.352,14.661,18.242,0.0001883,7.5,44.179,-79.562,0.0004587,2.061,14.87,1010.909,0.008
1.694,13.44,110.976,-225.875,0.009,481.438,71.638,0.057,0.0005346,70.655,-2.38,14.655,18.174,-0.0004647,7.5,44.179,-77.717,0.000298,2.048,14.87,1010.907,0.008
1.702,13.288,111.344,-221.934,0.01,481.29,71.49,0.057,0.0005346,70.642,-2.411,14.65,18.19,0.0001129,7.5,44.179,-75.851,0.0001714,2.045,14.87,1010.906,0.008
1.71,13.134,111.684,-217.963,0.01,481.138,71.337,0.057,0.0005346,70.629,-2.451,14.644,18.533,0.0004657,7.5,44.179,-73.969,0.00006665,2.083,14.87,1010.905,0.009
1.719,12.982,111.957,-213.999,0.011,480.983,71.183,0.057,0.0005345,70.615,-2.491,14.638,18.841,0.0001772,7.5,44.179,-72.091,-0.00002215,2.121,14.87,1010.904,0.009
1.728,12.83,112.16,-210.04,0.011,480.826,71.025,0.057,0.0005345,70.601,-2.533,14.632,19.117,0.0001628,7.5,44.179,-70.213,-0.0001,2.16,14.87,1010.903,0.009
1.737,12.679,112.289,-206.085,0.011,480.665,70.865,0.057,0.0005345,70.587,-2.575,14.625,19.361,-0.0001955,7.5,44.179,-68.332,-0.0001693,2.199,14.87,1010.903,0.009
1.746,12.527,112.34,-202.135,0.011,480.503,70.703,0.057,0.0005345,70.572,-2.618,14.615,19.57,0.0001199,7.5,44.179,-66.442,-0.0002329,2.24,14.87,1010.903,0.009
# Event APOGEE occurred at t=1.756 seconds,,,,,,,,,,,,,,,,,,,,,
1.756,12.376,112.317,-198.196,0.012,480.337,70.537,0.057,0.0005345,70.557,-2.653,14.601,19.412,0.000406,7.5,44.179,-64.542,-0.0002924,2.246,14.87,1010.903,0.009
1.766,12.222,112.232,-194.291,0.012,480.165,70.364,0.057,0.0005345,70.542,-2.683,14.587,19.017,0.00004988,7.5,44.179,-62.607,-0.0003493,2.227,14.87,1010.904,0.01
# Event TUMBLE occurred at t=1.776 seconds,,,,,,,,,,,,,,,,,,,,,
1.776,12.065,112.075,-190.385,0.012,479.984,70.184,0.057,0.0005344,70.526,-2.713,14.572,18.594,0.000447,7.5,44.179,-60.621,-0.0004049,2.208,14.87,1010.905,0.01
1.777,9.867,NaN,NaN,NaN,479.984,70.184,NaN,NaN,NaN,NaN,0,NaN,NaN,NaN,NaN,NaN,NaN,2.208,14.87,1010.905,0.001
1.933,9.275,NaN,NaN,NaN,479.967,70.166,NaN,NaN,NaN,NaN,0,NaN,NaN,NaN,NaN,NaN,NaN,2.206,14.87,1010.906,0.156
2.08,9.09,NaN,NaN,NaN,477.237,67.436,NaN,NaN,NaN,NaN,0,NaN,NaN,NaN,NaN,NaN,NaN,2.127,14.872,1010.942,0.147
2.256,9.071,NaN,NaN,NaN,474.707,64.906,NaN,NaN,NaN,NaN,0,NaN,NaN,NaN,NaN,NaN,NaN,2.138,14.875,1010.998,0.177
2.46,9.341,NaN,NaN,NaN,471.683,61.882,NaN,NaN,NaN,NaN,0,NaN,NaN,NaN,NaN,NaN,NaN,2.134,14.88,1011.093,0.203
2.669,9.797,NaN,NaN,NaN,468.244,58.444,NaN,NaN,NaN,NaN,0,NaN,NaN,NaN,NaN,NaN,NaN,2.09,14.888,1011.234,0.209
2.877,10.272,NaN,NaN,NaN,464.789,54.989,NaN,NaN,NaN,NaN,0,NaN,NaN,NaN,NaN,NaN,NaN,2.08,14.898,1011.413,0.208
3.084,10.787,NaN,NaN,NaN,461.4,51.6,NaN,NaN,NaN,NaN,0,NaN,NaN,NaN,NaN,NaN,NaN,1.825,14.91,1011.618,0.206
3.317,11.173,NaN,NaN,NaN,458.072,48.272,NaN,NaN,NaN,NaN,0,NaN,NaN,NaN,NaN,NaN,NaN,1.857,14.922,1011.844,0.233
# Event BURNOUT occurred at t=3.45 seconds,,,,,,,,,,,,,,,,,,,,,
# Event EJECTION_CHARGE occurred at t=3.564 seconds,,,,,,,,,,,,,,,,,,,,,
3.564,11.481,NaN,NaN,NaN,454.356,44.556,NaN,NaN,NaN,NaN,0,NaN,NaN,NaN,NaN,NaN,NaN,2.043,14.937,1012.12,0.247
3.873,11.828,NaN,NaN,NaN,452.801,43,NaN,NaN,NaN,NaN,0,NaN,NaN,NaN,NaN,NaN,NaN,2.032,14.955,1012.432,0.31
# Event GROUND_HIT occurred at t=4.168 seconds,,,,,,,,,,,,,,,,,,,,,
# Event SIMULATION_END occurred at t=4.168 seconds,,,,,,,,,,,,,,,,,,,,,
4.168,12.042,NaN,NaN,NaN,452.801,43,NaN,NaN,NaN,NaN,0,NaN,NaN,NaN,NaN,NaN,NaN,1.965,14.977,1012.844,0.295
