Time,accelX,accelY,accelZ,gyroX,gyroY,gyroZ
1961422,1.02,10.35,-0.12,0.42,0,0.46
1961429,1.04,10.36,-0.1,0.37,-0.07,0.34
1961436,1.03,10.35,-0.1,0.33,-0.07,0.31
1961443,1.03,10.35,-0.1,0.27,-0.09,0.26
1961450,1.03,10.35,-0.1,0.24,-0.12,0.29
1961457,1.04,10.35,-0.1,0.23,-0.07,0.27
1961464,1.04,10.36,-0.1,0.19,-0.07,0.29
1961471,1.04,10.36,-0.09,0.18,-0.06,0.33
1961478,1.04,10.36,-0.08,0.14,-0.04,0.33
1961485,1.03,10.35,-0.08,0.12,-0.02,0.37
1961492,1.03,10.35,-0.07,0.08,-0.03,0.39
1961499,1.03,10.35,-0.07,0.04,-0.02,0.41
1961506,1.03,10.35,-0.07,-0.02,-0.04,0.42
1961513,1.02,10.35,-0.07,-0.11,-0.04,0.37
1961520,1.01,10.34,-0.07,-0.18,0.03,0.43
1961527,1,10.34,-0.08,-0.3,0.11,0.42
1961534,1,10.34,-0.09,-0.38,0.2,0.41
1961541,1.02,10.32,-0.11,-0.5,0.27,0.48
1961548,1.01,10.32,-0.13,-0.66,0.32,0.45
1961555,1.03,10.28,-0.16,-0.83,0.37,0.5
1961562,1.01,10.35,-0.17,-1.07,0.37,0.41
1961569,1,10.31,-0.18,-1.13,0.39,0.42
1961576,0.99,10.32,-0.18,-1.21,0.39,0.43
1961583,1,10.31,-0.16,-1.37,0.42,0.44
1961590,1.02,10.37,-0.14,-1.37,0.46,0.39
1961597,1.06,10.42,-0.11,-1.33,0.47,0.46
1961604,1.07,10.36,-0.07,-1.3,0.41,0.37
1961611,1.04,10.39,-0.04,-1.22,0.32,0.35
1961618,1,10.41,-0.03,-0.95,0.26,0.33
1961625,0.99,10.43,-0.03,-0.69,0.27,0.41
1961632,1.03,10.42,-0.05,-0.47,0.25,0.46
1961639,1.06,10.36,-0.03,-0.28,0.26,0.4
1961646,1.04,10.35,-0.03,-0.14,0.28,0.42
1961653,1.03,10.36,-0.04,-0.02,0.29,0.52
1961661,1.01,10.32,-0.04,-0.19,0.3,0.46
1961668,1.01,10.33,-0.05,-0.25,0.32,0.51
1961675,1.02,10.33,-0.06,-0.44,0.33,0.49
1961682,1.03,10.32,-0.07,-0.59,0.26,0.36
1961689,1.05,10.33,-0.07,-0.56,0.22,0.26
1961696,1.04,10.3,-0.03,-0.71,0.12,0.32
1961703,1.04,10.34,-0.01,-1,0.04,0.2
1961710,1.02,10.35,0.01,-0.95,-0.07,0.14
1961717,1.04,10.34,0.05,-0.82,-0.14,0.18
1961724,1.02,10.29,0.09,-1.19,-0.14,-0.03
1961731,1.06,10.28,0.1,-0.81,-0.07,0.26
1961738,1.02,10.29,0.11,-1.01,-0.08,0.34
1961745,1.04,10.37,0.1,-1.24,-0.18,0.31
1961752,1.02,10.26,0.11,-1.49,-0.1,0.74
1961759,1.05,10.25,0.06,-2.2,-0.22,0.26
1961766,1.06,10.23,0.09,-2.78,-0.39,0.06
1961773,1.04,10.28,0.08,-2.79,-0.61,-0.03
1961780,0.97,10.26,0.14,-2.88,-0.62,0.09
1961787,1.01,10.22,0.21,-3.22,-0.69,-0.15
1961794,1.02,10.15,0.3,-3.01,-0.68,0.17
1961801,1.06,10.15,0.48,-2.82,-0.67,0.67
1961808,1.06,10.25,0.63,-3.05,-0.51,1.46
1961815,1.09,10.19,0.84,-3.52,-0.48,1.18
1961822,1.12,10.11,1.03,-3.33,-0.26,1.16
1961829,1.06,10.12,1.13,-4.26,-0.1,0.84
1961836,1.02,10.04,1.22,-3.62,0.08,1.1
1961843,0.97,10.12,1.16,-3.99,0.41,1.39
1961850,0.86,10.22,0.51,-4.71,0.86,0.86
1961857,0.87,10.7,-0.19,-4.96,1.26,0.55
1961864,0.76,10.43,-0.53,-5.9,1.77,-0.12
1961898,0.93,10.12,-1,-10.91,4.18,-0.06
1961905,0.92,9.95,-0.76,-10.84,5.03,0.97
1961912,0.84,10.04,-0.52,-10.86,5.39,0.28
1961919,0.72,10.02,-0.56,-12.23,6.48,1.29
1961926,0.62,10,-0.53,-11.41,7.13,1.52
1961933,0.55,9.8,-0.2,-11.46,7.74,2.26
1961940,0.49,9.87,0.03,-12.59,8.56,2.29
1961947,0.63,10.11,0.19,-12.73,9.36,2.21
1961954,0.76,9.77,0.47,-12.51,10.29,2.26
1961961,0.9,9.73,0.33,-11.72,11.37,2.17
1961968,0.82,9.66,0.15,-13.06,12.41,2.16
1961975,0.85,9.85,-0.13,-14.01,13.73,2.17
1961982,0.69,9.95,-0.59,-14.21,14.55,3.05
1961989,0.54,9.74,-0.89,-14.16,15.65,2.1
1961996,0.34,9.62,-1.09,-16.01,16.76,1.91
1962003,0.25,9.68,-1.09,-17.99,17.91,1.94
1962010,0.12,9.75,-1.12,-18.59,18.79,1.57
1962017,0.24,9.69,-1.12,-19.16,20.18,2.11
1962024,0.43,9.6,-1.07,-19.36,21.59,3.02
1962031,0.51,9.54,-0.89,-21.16,23.1,3.35
1962038,0.59,9.58,-0.59,-23.05,24.32,1.88
1962045,0.48,9.38,-0.21,-23.81,25.58,2.55
1962052,0.38,9.21,0.04,-25.85,27.25,1.98
1962059,0.2,9.23,0.15,-27.64,28.81,2.12
1962066,0.07,9.21,0.29,-29.62,30.09,1.45
1962073,0.15,9.22,0.18,-31.91,31.63,1.9
1962080,-0.03,9.07,-0.28,-35.28,33.21,2.41
1962087,-0.01,9.2,-0.9,-35.54,34.75,2.54
1962094,-0.08,9.19,-1.55,-35.87,36.48,3.35
1962101,-0.05,9.34,-2.08,-36.12,37.82,3.08
1962108,-0.08,9.32,-2.39,-38.78,39.17,2.16
1962115,-0.1,9.25,-2.36,-40.11,40.83,2.21
1962122,-0.12,9.23,-2.24,-41.01,42.19,1.57
1962129,-0.16,9.11,-1.78,-42.06,43.63,2.03
1962136,-0.18,8.99,-1.21,-43.94,45.12,1.78
1962143,-0.14,8.81,-0.41,-45.8,46.54,1.14
1962150,-0.17,8.7,-0.22,-46.58,47.79,0.49
1962157,-0.23,8.61,0.31,-47.54,49.11,0.22
1962164,-0.41,8.48,0.81,-48.68,50.33,0.14
1962171,-0.66,8.48,1.15,-50.06,51.61,-0.43
1962178,-0.99,8.3,0.76,-50.49,53.07,-0.96
1962185,-1.22,8.14,0.71,-51.34,54.51,-1.82
1962192,-1.28,8.11,0.84,-52.53,56.12,-2.73
1962199,-1.17,8.13,0.87,-53.73,57.71,-2.16
1962206,-1.04,8.32,0.75,-54.95,59.15,-2.7
1962213,-0.78,8.24,0.31,-56.09,61.23,-1.83
1962220,-0.73,8.05,-0.41,-56.58,62.67,-2.26
1962227,-0.74,8.2,-0.79,-57.96,64.42,-3.03
1962234,-0.91,8.4,-1.3,-58.98,66.18,-3.35
1962241,-1.22,8.4,-1.74,-60.45,68,-5.23
1962248,-1.45,8.5,-1.84,-61.74,69.8,-6.15
1962255,-1.72,8.22,-1.71,-63.6,71.93,-6.95
1962262,-1.85,8.06,-1.45,-64.06,73.87,-7.23
1962269,-1.75,7.94,-1,-64.78,75.9,-7.99
1962276,-1.71,7.68,-0.48,-66.37,77.7,-9.73
1962283,-1.63,7.61,-0.04,-67.25,79.65,-10.84
1962290,-1.7,7.4,0.39,-68.79,81.63,-12.58
1962297,-1.99,7.14,0.55,-70.08,83.48,-14.82
1962304,-2.24,6.98,0.59,-71.62,85.37,-15.96
1962311,-2.76,6.87,0.66,-73.76,87.01,-17.39
1962318,-3.07,6.76,0.65,-75.39,89.01,-18.61
1962325,-3.27,6.73,0.74,-76.96,91.33,-17.95
1962332,-3.17,6.5,0.88,-78.02,93.48,-18.18
1962366,-3.18,6.04,0.32,-86.2,105.01,-22.91
1962373,-3.62,6.12,0.1,-87.83,107.28,-23.72
1962380,-3.86,6.11,-0.14,-91,109.76,-26.01
1962387,-4.08,6.04,-0.35,-92.99,112.29,-28.7
1962394,-3.93,5.99,-0.62,-95.78,114.93,-30.72
1962401,-3.82,5.93,-0.74,-97.26,117.44,-34.01
1962408,-3.64,5.91,-0.81,-99.22,119.74,-36
1962415,-3.57,5.79,-0.75,-100.43,122.28,-39
1962422,-3.77,5.71,-0.8,-102.36,124.56,-41.97
1962429,-4.11,5.52,-0.81,-105.05,126.91,-45.31
1962436,-4.47,5.25,-0.88,-108.34,129.64,-47.67
1962443,-4.84,5.08,-0.87,-110.82,132.08,-52.12
1962450,-5.06,4.85,-0.87,-112.79,134.61,-54.71
1962457,-5.04,4.68,-0.95,-115.01,137.24,-59.32
1962464,-5.11,4.54,-1,-117.35,139.82,-64.82
1962471,-5.08,4.38,-1.01,-122.5,142.47,-71.2
1962478,-5.16,4.15,-0.98,-125.46,144.95,-77.37
1962485,-5.32,3.93,-0.95,-129.67,147.11,-82.38
1962492,-5.47,3.67,-0.94,-132.37,149.58,-85.39
1962499,-5.7,3.37,-0.98,-136.25,151.7,-90.73
1962506,-5.84,3.12,-1.09,-139.97,153.89,-97.83
1962513,-6,2.93,-1.26,-144.7,156.13,-105.86
1962520,-6.13,2.83,-1.49,-147.74,157.79,-112.09
1962527,-6.2,2.62,-1.68,-153.66,159.33,-119.91
1962534,-6.12,2.39,-1.96,-156.65,161.01,-125.4
1962541,-6.01,2.3,-2.17,-161.67,162.15,-135.98
1962548,-5.94,2.27,-2.28,-166.85,162.66,-147.93
1962555,-5.78,2.32,-2.4,-172.68,163.41,-161.55
1962562,-5.58,2.3,-2.64,-179.75,163.46,-174.83
1962569,-5.43,2.12,-2.96,-185.97,163.03,-189.27
1962576,-5.36,1.99,-3.23,-189.64,162.17,-202.62
1962583,-5.31,1.64,-3.56,-196.31,160.69,-218.84
1962590,2.05,8.73,-5.28,-195,150.39,-227.99
1962597,1.22,10.12,-1.56,-189.39,133.78,-178.13
1962604,1.11,19.75,-3.77,-165.25,112.47,-96.32
1962611,3.94,13.57,-7.62,-127.83,87.1,-70.89
1962618,3.73,11.84,-6.96,-87.56,58.44,-82.3
1962625,2.43,16.98,-6.23,-41.5,30.15,-83.43
1962632,-0.13,5.71,-5.67,-4.49,5.29,-73.69
1962639,-2.1,4.79,-5.61,23.22,-14.63,-63.11
1962646,-3.92,-2.39,-5.04,44.19,-28.79,-21.27
1962653,-3.46,-4.04,-4.14,57.9,-39.35,53.72
1962660,-3.5,-2.85,-3.33,67.62,-47.51,100.64
1962667,-4.85,-4.36,-2.53,75.63,-53.23,111.01
1962674,-6.56,-2.4,-3.03,78.71,-55.52,90.18
1962681,-7.22,-2.9,-4.68,81.44,-57.12,69.45
1962688,-7.1,-2.94,-6.16,82.18,-56.76,72.15
1962695,-5.92,0.24,-6.51,82.48,-55.64,90.86
1962702,-4.82,0.49,-5.62,83.99,-54.05,105.21
1962709,-4.08,2.54,-4.59,80.99,-52.08,112.66
1962716,-3.57,4.2,-4.05,79.23,-49.77,119.6
1962723,-2.84,3.91,-4.94,77.37,-46.67,114.33
1962730,-2.41,6.21,-6.85,74.2,-43.87,87.35
1962737,-2.88,5.27,-8.15,73.36,-40.26,69.52
1962744,-3.61,6.22,-8.96,69.98,-37.04,67.63
1962751,-4.27,6.84,-8.67,67.54,-33.06,72.1
1962758,-4.42,5.33,-7.22,62.85,-29.29,77.36
1962765,-4.17,6.46,-6.27,60.07,-25.96,73.52
1962772,-4.38,3.73,-5.6,56.08,-22.64,52.56
1962806,-8.1,0.35,-2.42,42.11,-5.37,49.67
1962813,-7.55,0.12,-2.66,38.17,-2.85,37.53
1962820,-7.02,-0.07,-3.22,35.11,0.66,30.26
1962827,-7.33,-2.43,-3.4,34.03,3.28,32.72
1962834,-7.56,-1.15,-3.31,30.41,6.56,36.74
1962841,-7.8,0.47,-2.9,28.81,9.75,38.66
1962848,-7.8,1.13,-2.56,28.11,12.61,31.81
1962855,-7.06,1.89,-3.23,26.21,15.64,23.84
1962862,-6.21,0.89,-4.29,24.61,18.21,20.25
1962869,-5.93,0.42,-4.53,23.22,20.63,25.33
1962876,-6.22,2,-4.16,22.7,22.79,36.01
1962883,-5.98,4.01,-3.99,23.15,24.62,35.27
1962890,-5.47,4.75,-4.49,23.85,26.78,26.07
1962897,-4.73,4.5,-5.42,22.8,28.4,20.89
1962904,-3.97,5.07,-6.45,21.69,29.29,21.92
1962911,-3.92,4.24,-6.57,20.49,30.32,26.36
1962918,-4.44,4.75,-5.91,21.48,30.92,30.87
1962925,-5.05,6.06,-5.21,22.58,31.51,27.67
1962932,-5.57,4.08,-4.69,23.18,31.77,24.72
1962939,-5.73,3.59,-4.6,21.94,32.18,25.62
1962946,-5.69,3.79,-4.48,23.13,32.09,30.17
1962953,-6.05,2.48,-4.09,24.05,31.9,35.57
1962960,-6.24,3.72,-3.86,24.72,31.5,36.34
1962967,-6.41,3.95,-4.01,27.54,31.15,32.32
1962974,-6.37,3.11,-4.54,28.13,31.07,30.74
1962981,-6.14,3.39,-4.96,29.63,30.61,33.51
1962988,-6.21,3.3,-4.81,30.84,30.18,39.14
1962995,-6.37,2.91,-4.17,31.99,29.56,43.41
1963002,-6.61,3.32,-3.36,32.32,29.25,44.32
1963009,-6.93,3.92,-2.85,34.68,28.73,43.78
1963016,-6.92,3.87,-3.27,35.93,28.36,45.84
1963023,-6.75,2.75,-3.87,36.78,27.75,52.71
1963030,-6.7,3.4,-4.53,37.64,27.03,58.05
1963037,-6.95,4.07,-4.8,40.7,26.67,59.84
1963044,-7.07,4.06,-4.68,43.78,26.24,57.08
1963051,-6.91,4.7,-4.44,45.22,25.74,57.83
1963058,-6.4,4.7,-4.15,47.96,24.93,62.42
1963065,-6.3,3.58,-3.85,47.66,24.31,66.15
1963072,-6.26,5.02,-3.82,48.4,23.53,71.33
1963079,-6.6,4.9,-3.8,51.62,22.85,73.82
1963086,-7.09,4.42,-4.07,53.02,22.25,72.84
1963093,-7.35,5.27,-4.62,55.34,21.87,74.86
1963100,-7.41,4.71,-4.84,57.32,21.03,78.41
1963107,-7.22,5.51,-4.87,58.26,20.57,82.27
1963114,-6.56,6.1,-4.8,61.45,19.78,85.52
1963121,-6.28,5.09,-4.41,63.07,18.81,88.21
1963128,-6.04,6.27,-4.23,65.03,17.89,90.63
1963135,-5.97,6.64,-4.27,66.07,17,93.24
1963142,-6.31,6.17,-4.48,68.02,15.97,95.95
1963149,-6.53,6.66,-4.96,69.4,15.15,100.22
1963156,-7.09,6.23,-4.97,72.35,14.11,102.68
1963163,-7.54,6.62,-4.75,74.19,13.24,104.22
1963170,-7.68,6.88,-4.39,75.39,12.1,106.18
1963177,-7.64,6.47,-3.9,77.77,11.07,109.98
1963184,-7.54,6.78,-3.54,78.11,9.91,113.24
1963191,-7.45,6.84,-3.39,80.98,8.69,116.58
1963198,-7.54,7.07,-3.57,83.05,7.24,118.63
1963205,-7.68,7.34,-3.84,86.23,5.93,121.57
1963212,-7.91,7.27,-4.08,87.89,4.49,125.04
1963219,-8.1,7.69,-4.11,89.25,2.96,128.16
1963226,-8.2,7.81,-3.91,90.55,1.64,131.25
1963233,-8.17,7.89,-3.56,92.07,0,132.76
1963267,-8.31,8.99,-3.43,102.2,-8.5,142.74
1963274,-8.22,9.21,-3.71,104.36,-10.63,145.01
1963281,-8.12,9.46,-3.74,108.2,-12.94,147.92
1963288,-7.84,9.78,-3.61,111.15,-15.23,149.82
1963295,-7.31,10.17,-3.62,113.48,-17.71,151.02
1963302,-6.95,10.55,-3.62,115.67,-20.67,151.49
1963309,-6.72,10.45,-3.78,117.75,-23.53,154.3
1963316,-6.7,10.59,-3.88,120.35,-26.75,155.9
1963323,-6.72,11.06,-3.98,122.5,-29.55,156.35
1963330,-6.73,11.4,-4.1,124.01,-32.89,156.38
1963337,-6.96,11.46,-3.93,125.89,-36.6,156.83
1963344,-7.03,11.72,-3.71,128.16,-39.81,159.52
1963351,-7.09,12.17,-3.33,130.26,-43.33,160.06
1963358,-7.12,12.39,-3.02,132.99,-46.81,158.56
1963365,-7.22,12.78,-2.81,134.54,-50.4,158.23
1963372,-7.21,13.1,-2.73,135.93,-54.13,158.99
1963379,-7.23,13.32,-2.81,137.95,-57.96,159.46
1963386,-7.15,13.51,-2.86,140.63,-61.88,159.19
1963393,-7,13.72,-2.93,142.18,-65.28,158.48
1963400,-6.74,13.92,-2.87,143.64,-69.16,157.84
1963407,-6.39,14.19,-2.82,145.6,-73.56,156.45
1963414,-5.98,14.36,-2.97,147.64,-77.75,154.51
1963421,-5.7,14.6,-3.1,149.23,-82.2,152.85
1963428,-5.44,14.65,-3.23,151.13,-86.53,151.21
1963435,-5.31,14.87,-3.23,152.67,-90.94,149.3
1963442,-5.09,14.96,-3.35,154.67,-95.28,147.37
1963449,-4.95,15.39,-3.36,156.58,-99.76,145.11
1963456,-4.76,15.5,-3.29,158.47,-104.25,143.39
1963463,-4.65,15.68,-3.13,159.64,-108.54,140.47
1963470,-4.5,16.08,-3,161.15,-112.52,137.71
1963477,-4.42,16.39,-2.89,162.79,-117.07,135.19
1963484,-4.38,16.76,-2.78,164.57,-121.5,132.09
1963491,-4.32,17.06,-2.64,166.37,-126.11,129.1
1963498,-4.15,17.38,-2.6,168.3,-130.61,125.55
1963505,-3.87,17.55,-2.65,169.78,-135.27,121.54
1963512,-3.59,17.7,-2.63,172.6,-139.81,118.59
1963519,-3.28,17.7,-2.68,174.57,-144.6,115.16
1963526,-3.06,17.76,-2.84,175.4,-149.43,110.94
1963533,-2.83,17.78,-3.06,177.57,-154.29,107.42
1963540,-2.6,17.81,-3.26,179.37,-158.61,103.99
1963547,-2.36,17.8,-3.36,180.72,-163.31,99.67
1963554,-2.11,17.85,-3.45,181.85,-167.94,95.49
1963561,-1.78,18,-3.59,184.18,-172.47,91.51
1963568,-1.67,18.16,-3.54,185.68,-177.09,87.3
1963575,-1.51,18.37,-3.4,187.45,-181.66,83.43
1963582,-1.34,18.76,-3.31,189.57,-186.01,79.56
1963589,-1.26,18.98,-3.27,190.93,-190.33,74.36
1963596,-1.28,19.41,-3.38,193.39,-194.34,69.67
1963603,-1.35,19.6,-3.5,196.38,-198.11,64.95
1963610,-1.18,19.61,-3.6,198.81,-201.73,60.44
1963617,-0.91,19.73,-3.69,200.81,-204.8,55.65
1963624,-0.65,19.62,-3.7,203.03,-208.18,50.87
1963631,-0.42,19.64,-3.87,204.98,-211.61,44.68
1963638,-0.4,19.47,-4.14,207.86,-214.86,40.26
1963645,-0.27,19.37,-4.36,210.81,-217.9,35.21
1963652,-0.09,19.49,-4.51,212.89,-220.72,28.8
1963659,0.01,19.39,-4.65,215.23,-223.67,22.28
1963666,0.7,23,-4.65,216.84,-225.63,22.39
1963673,-0.73,23.92,-5.01,186.27,-223.55,29.75
1963708,-2.33,10.5,-5.93,67.11,-210.71,14.36
1963715,-0.65,9.4,-8.09,47.42,-209.16,37.52
1963722,0.36,7.74,-10.02,31.97,-208.84,10.21
1963729,0.82,8.17,-10.69,21.5,-208.97,-23.38
1963736,0.56,9.28,-9.87,14.98,-210.17,-29.76
1963743,0.51,12.36,-8.89,11.13,-211.13,4.58
1963750,1.02,14.62,-8.07,4.65,-212.05,52.43
1963757,0.36,13.78,-7.62,-6.89,-212.41,46.56
1963764,0.08,14.06,-8.01,-12.24,-213.22,21.8
1963771,-0.98,15.53,-8.4,-18.3,-214.44,-4.02
1963778,-0.79,18.9,-8.06,-18.45,-215.86,0.14
1963785,0.14,18.9,-6.7,-18.55,-217.12,34.8
1963792,0.11,20.77,-6.4,-29.08,-204.82,71.99
1963799,-3.15,18.24,-7.28,-39.85,-189.23,45.82
1963806,-6.19,20.83,-7.6,-48.03,-177.91,15.49
1963813,-5.38,21.77,-5.34,-51.25,-170.22,10.29
1963820,-2.15,23.65,-3,-55.07,-163.39,31.22
1963827,1.61,25.76,-3.37,-54.08,-160.69,65.27
1963834,2.2,22.58,-6.04,-54.7,-157.74,55.29
1963841,0.7,24.5,-9.72,-55.08,-157.54,29.59
1963848,-0.44,22.86,-10.65,-52.19,-156.42,17.02
1963855,0.58,21.52,-8.23,-51.21,-156.63,22.92
1963862,1.96,21.4,-5.87,-47.37,-157.65,35.25
1963869,3.03,19.06,-4.51,-44.27,-159.02,37.44
1963876,2.19,18.87,-5.83,-41.69,-161.08,21.79
1963883,0.44,18.8,-7.78,-38.49,-162.84,17.9
1963890,1.24,17.1,-8.01,-36.16,-164.82,22.63
1963897,1.61,17.23,-8.1,-32.7,-167.14,19.05
1963904,1.13,16.58,-8.45,-28.47,-169.61,21.05
1963911,0.83,17.4,-8.44,-24.95,-172.08,32.76
1963918,0.91,18.02,-7.91,-20.58,-174.21,42.33
1963925,1.24,17.42,-7.51,-18.03,-176.96,42.46
1963932,1.44,18.36,-7.56,-16.05,-179.47,27.87
1963939,1.58,18.98,-7.71,-13.02,-182.1,13.93
1963946,2.03,19.05,-7.63,-10.13,-185,13.54
1963953,2.74,20.19,-7.47,-6.23,-187.77,22.25
1963960,3.16,20.23,-7.19,-2.82,-190.8,25.09
1963967,2.81,20.11,-6.91,-0.36,-193.79,15.53
1963974,2.54,20.43,-6.67,1.59,-196.43,3.87
1963981,1.43,18.88,-6.72,-0.63,-196.41,12.92
1963988,0.6,19.52,-6.36,-5.42,-193.45,49.73
1963995,0.52,16.27,-5.99,-14.82,-188.56,90.37
1964002,1.36,16.48,-6.01,-29.19,-182.39,106.98
1964009,1.57,17.28,-6.8,-42.01,-177.2,97.22
1964016,1.54,16.7,-7.71,-54.1,-173.46,78.53
1964023,2.35,18.95,-8.17,-63,-171.17,76.66
1964030,2.94,18.61,-7.95,-67.14,-169.95,102.45
1964037,2.92,17.12,-5.81,-71.01,-167.35,146.05
1964044,-9.31,22.46,-7.57,-67.74,-149.81,231.43
1964051,-7.03,17.09,-6.7,-62.71,-117.67,249.96
1964058,-2.02,14.05,-6.84,-63.38,-86.54,249.96
1964065,-2.62,15.34,-8.58,-65.59,-60.35,249.96
1964072,-2.83,16.41,-9.02,-71.45,-32.12,230.1
1964079,-0.49,16.42,-8.44,-76.77,-9.63,153.56
1964086,1.5,17.37,-7.26,-80.34,6.97,101.83
1964093,1.88,16.64,-6.7,-80.17,18.73,95.29
1964100,1.89,17.62,-6.76,-78.43,27.68,125.99
1964107,2.77,17.79,-7.19,-74.37,34.36,164.2
1964114,4.56,16.83,-7.47,-72.67,39.06,187
1964148,7.15,17.41,-5.49,-73.75,43.16,137.7
1964155,7.89,17.54,-5.13,-72.85,41.94,155.21
1964162,8.4,16.88,-5.39,-71.99,40.31,166.36
1964169,8.19,16.73,-6.08,-73.02,38.37,162.81
1964176,7.72,16.74,-6.96,-73.9,36.38,149.09
1964183,7.48,15.69,-7.28,-74.78,34.11,137.48
1964190,7.44,15.34,-7.02,-75.52,31.86,136.83
1964197,7.73,14.78,-6.25,-75.37,29.4,144.86
1964204,8.04,14.65,-5.52,-76,27.18,151.94
1964211,8.13,15.32,-5.29,-76.42,24.76,153.98
1964218,7.56,15.09,-5.79,-76.93,22.27,148.31
1964225,7,15.05,-6.45,-77.66,19.9,142.06
1964232,7.25,14.37,-6.55,-78.94,17.36,145.48
1964239,7.58,12.68,-6.25,-79.27,14.92,152.54
1964246,7.56,13.08,-6.12,-80.89,12.5,154.46
1964253,7.43,14.14,-6.12,-81.6,10.02,153.88
1964260,7.53,13.45,-6.07,-83.04,7.65,154.89
1964267,8.11,13.38,-5.93,-84.69,5.35,157.22
1964274,8.66,12.64,-5.73,-85.73,2.94,159.36
1964281,8.81,12.89,-5.64,-88.1,0.58,161.21
1964288,9.07,13.51,-5.49,-89.56,-1.87,163.99
1964295,9.24,12.8,-5.19,-91.01,-4.33,165.89
1964302,9.33,12.37,-4.89,-92.26,-6.65,168.58
1964309,9.26,12.31,-4.66,-93.91,-8.93,173.04
1964316,9.25,11.98,-4.69,-95.28,-11.07,177.32
1964323,9.49,11.97,-4.92,-97.06,-13.03,180.78
1964330,9.74,11.68,-5.15,-98.26,-14.96,183.02
1964337,9.81,11.23,-5.2,-100.25,-16.67,186.67
1964344,9.89,11.04,-5.1,-102.22,-18.12,190.64
1964351,9.78,10.87,-4.93,-103.71,-19.15,194.07
1964358,9.61,10.52,-4.7,-106.16,-19.97,197.89
1964365,9.54,10.34,-4.61,-107.7,-20.51,202.57
1964372,9.55,10.07,-4.55,-109.75,-20.79,207.34
1964379,9.59,9.64,-4.62,-111.2,-20.77,212.4
1964386,9.67,9.3,-4.75,-113.04,-20.57,217.21
1964393,9.65,9.03,-4.94,-115.74,-20.04,220.91
1964400,9.5,8.76,-5.06,-117.55,-19.29,225.54
1964407,9.23,8.59,-5.09,-119.42,-18.44,230.87
1964414,9.08,8.19,-5.08,-121.11,-17.03,236.89
1964421,8.93,7.76,-5.02,-123.21,-15.78,240.72
1964428,8.84,7.54,-5.06,-126.14,-14.04,244.98
1964435,8.8,7.14,-5.11,-128.53,-12.16,249.71
1964442,8.89,6.83,-5.14,-130.53,-10.06,249.96
1964449,8.94,6.41,-5.09,-133.1,-7.82,249.96
1964456,9.02,5.85,-5.07,-135.82,-5.38,249.96
1964463,9.1,5.5,-5.01,-138.33,-2.69,249.96
1964470,9.03,5.16,-4.96,-140.85,0.07,249.96
1964477,8.82,4.81,-5.01,-142.91,3.11,249.96
1964484,8.55,4.53,-5.11,-146.19,6.18,249.96
1964491,8.3,4.21,-5.21,-148.57,9.3,249.96
1964498,8.1,3.9,-5.31,-151.05,12.26,249.96
1964505,7.94,3.53,-5.34,-154.22,15.86,249.96
1964512,7.76,3.1,-5.32,-156.43,19.64,249.96
1964519,7.63,2.67,-5.36,-158.53,23.7,249.96
1964526,7.46,2.28,-5.38,-160.19,27.77,249.96
1964533,7.25,1.98,-5.4,-162.24,32.23,249.96
1964540,5.05,6.78,-5.66,-161.26,38.21,249.96
1964547,4.98,5.42,-5.54,-157.55,46.05,249.96
1964554,3.87,10.92,-7.42,-147.42,55.99,249.96
1964561,2.41,7.56,-7.69,-133.22,65.95,222.96
1964597,6.58,-1.95,-6.01,-67.57,97.9,94.43
1964604,6.17,-4.14,-6.9,-62.3,100.44,88.79
1964611,5.48,-2.76,-6.63,-57.14,102.41,85.84
1964618,7.8,-1.02,-5.22,-54.78,102.94,88.83
1964625,11.95,4.16,-3.07,-48.59,97.93,75.73
1964632,10.09,5.08,-5.86,-39.87,84.84,52.09
1964639,5.6,1.54,-8.75,-24.64,68,39.79
1964646,7.31,-0.87,-6.65,-18.97,49.76,27.95
1964653,9.55,5.05,-6.77,-9.57,28.86,5.35
1964660,8.93,3.51,-7.05,1.26,11.76,-9.23
1964667,9.13,2.68,-7.35,6.29,-3.7,-18.52
1964674,9.1,6.87,-7.56,13.76,-15.9,-16.66
1964681,7.13,2.58,-7.2,15.18,-25.44,-15.6
1964688,5.05,3.89,-7.37,16.4,-32.57,-11.94
1964695,2.87,4.23,-7.58,18.26,-37.38,-12.39
1964702,2.88,0.88,-7.07,17.39,-40.24,-21.33
1964709,4.2,3.12,-7.02,15.53,-41.9,-26.48
1964716,5.29,2.01,-6.76,14.95,-43.47,-24
1964723,5.31,1.57,-6.96,13.49,-43.56,-19.91
1964730,4.3,2.06,-7.08,14.09,-42.03,-18.3
1964737,3.43,0.26,-7.05,13.46,-39.07,-20.48
1964744,3.39,1.03,-6.83,14.26,-34.88,-18.13
1964751,4.14,1.12,-6.55,14.62,-31.38,-13.73
1964758,4.79,-1.03,-6.48,13.36,-28.39,-8.88
1964765,5.06,-1.96,-6.61,11.8,-25.74,-11.87
1964772,4.06,-1.19,-6.78,11.4,-22.83,-14.45
1964779,3.92,-1.21,-6.61,9.93,-19.26,-12.05
1964786,3.35,0.82,1.74,11.25,-13.94,-12.63
1964793,0.64,-1.77,4.02,9.72,-5.55,-8.17
1964800,1.69,-4.06,-7.5,4.84,5.02,-3.64
1964807,3.67,-1.09,-12.07,3.32,11.84,-4.07
1964814,6.61,0.86,-12.15,2.86,17.41,-4.3
1964821,8.46,4.38,-9.43,2.56,19.76,-6.59
1964828,6.3,4.66,-5.28,2.11,21.6,-6.83
1964835,2.26,2.21,-2.76,1.54,23.27,1.89
1964842,-0.44,-0.44,-3.2,0.6,25.65,6.19
1964849,-0.01,-0.61,-5,-0.82,28.06,4.97
1964856,3.64,0.77,-7.15,-2.67,29.28,1.74
1964863,7.56,3.07,-8.66,-3.79,29.18,0.17
1964870,8.94,4.05,-9.5,-4.5,27.52,4.02
1964877,7.45,3.36,-9.84,-5.07,25.82,12.08
1964884,4.17,0.82,-9.23,-5.72,24.81,15.97
1964891,1.94,0.56,-7.7,-7.32,24.6,14.65
1964898,2.4,0.22,-5.34,-9.05,24.68,9.74
1964905,4.39,-0.09,-4.17,-11.3,24.13,1.49
1964912,6.09,0.05,-5.17,-12.76,22.93,2.03
1964919,7.17,-1.15,-6.84,-13.68,21.29,11.99
1964926,7.36,-1.94,-7.6,-15.4,19.34,21.2
1964933,6.18,-1.42,-7.42,-16.72,17.61,28.65
1964940,4.89,-1.31,-6.39,-18.26,16.28,30.12
1964947,4.25,-1.4,-5.55,-20.56,15.18,25.72
1964954,4.2,-0.85,-5.31,-22.15,14.39,24.92
1964961,4.76,0.15,-5.89,-23.54,13.26,24.06
1964968,5,1.2,-6.72,-24.7,12.01,27.68
1964975,5.06,1.88,-7.62,-25.59,10.75,32.4
1964982,4.6,2.17,-7.45,-26.53,9.3,33.66
1964989,4.57,5.41,-7.58,-24.63,7.73,29.88
1964996,3.93,2.4,-7.92,-18.97,5.94,24.12
1965003,4.02,3.64,-7.16,-14.93,3.79,16.71
1965010,3.77,1.95,-7.44,-10.37,1.36,12.81
1965017,4.49,1.91,-7.3,-8.26,-0.26,9.92
1965024,5.3,2.22,-6.89,-5.21,-2.36,7.78
1965057,5.3,-0.61,-6.44,-5.04,-9.67,10.08
1965064,3.85,0.38,-6.98,-5.24,-9.81,9.6
1965071,3.98,1.02,-7.19,-3.93,-9.07,4.27
1965078,3.82,1.41,-7.05,-2.3,-7.58,0.01
1965085,3.86,1.84,-7.05,0.16,-5.9,0.84
1965092,3.8,1.77,-7.03,2.77,-3.96,-0.35
1965099,3.95,2.18,-7.03,4.47,-2.2,-2.9
1965106,3.71,2.45,-7.33,6.04,-1.03,-4.95
1965113,3.35,1.98,-7.52,6.85,-0.22,-6.87
1965120,3.37,1.78,-7.44,7.04,0.37,-8.14
1965127,3.79,1.24,-7.09,6.9,0.52,-8.46
1965134,4.25,0.63,-6.78,6.34,0.33,-10.06
1965141,4.68,0.43,-6.65,5.62,-0.11,-9.48
1965148,4.86,-0.19,-6.72,4.72,-0.85,-7.78
1965155,4.96,-0.64,-6.97,3.65,-1.54,-5.23
1965162,5.08,-0.81,-7.09,2.51,-2.43,-1.03
1965169,5.14,-1.02,-6.93,1.11,-3.36,1.23
1965176,4.94,-0.71,-6.7,-0.5,-4.35,2.57
1965183,4.57,-0.3,-6.56,-1.88,-5.25,3.99
1965190,4.27,-0.12,-6.62,-3.3,-6.04,5.48
1965197,3.74,1.27,-7.08,-3.44,-6.46,6.31
1965204,3.67,1.58,-7.19,-4.17,-5.98,4.14
1965211,4.33,1.97,-7.4,-3.77,-5.12,0.49
1965218,4.07,2.22,-7.51,-2.35,-4.44,3.8
1965225,3.81,1.62,-7.38,-1.29,-3.21,3.95
1965232,3.71,2.09,-7.2,-0.63,-2.05,1.94
1965239,3.73,1.6,-7.13,0.4,-1.13,1.97
1965246,3.95,0.13,-6.97,0.1,-0.55,-0.06
1965253,4.39,-0.11,-6.86,-0.3,-0.41,-1.54
1965260,4.96,-0.45,-6.65,-0.82,-0.65,-0.1
1965267,5.13,-0.54,-6.6,-1.67,-1.17,2.03
1965274,4.71,-0.43,-6.79,-2.49,-1.86,5.75
1965281,4.04,-0.05,-7.06,-2.49,-1.66,6.08
1965288,3.77,0.79,-7.1,-2.25,-0.87,1.33
1965295,4.13,0.95,-7.04,-0.97,0.08,-1.18
1965302,4.47,1.6,-6.96,0.34,1,0.81
1965309,4.54,1.48,-7.08,1.36,1.41,0.73
1965316,4.16,1,-7.34,1.96,1.73,0.78
1965323,3.84,0.61,-7.4,1.96,1.92,0.16
1965330,3.97,0.52,-7.25,1.47,1.8,-2.33
1965337,4.29,0.66,-6.8,0.98,1.53,-1.55
1965344,4.71,0.85,-6.54,0.27,0.97,0.53
1965351,4.58,0.68,-6.7,-0.69,0.19,0.4
1965358,4.37,0.05,-7.14,-1.62,-0.53,1.26
1965365,4.08,0.09,-7.31,-2.36,-1.2,1.94
1965372,4.19,1.06,-7.34,-2.7,-1.28,3.26
1965379,4.32,1.59,-7.15,-2.24,-1.07,2
1965386,4.44,0.72,-7.02,-1.87,-0.85,2.1
1965393,4.39,0.72,-6.95,-1.43,-0.53,3.36
1965400,4.08,0.78,-6.96,-0.92,-0.16,1.81
1965407,4,0.07,-6.96,-1.08,0.17,1.45
1965414,4.29,0.04,-6.98,-1.11,0.27,2.1
1965421,4.52,0.58,-6.9,-0.77,0.33,2.6
1965428,4.45,0.88,-6.91,-0.5,0.54,-0.25
1965435,4.34,0.67,-7.03,-0.08,0.8,-1.16
1965442,4.19,0.42,-7.1,0.5,0.96,0.53
1965449,4.15,0.69,-7.11,0.6,1.06,1.11
1965456,4.35,0.66,-7.09,0.69,1,0.32
1965463,4.43,0.69,-7.07,0.73,0.83,-0.45
1965470,4.27,0.92,-7.02,0.62,0.64,-0.77
1965477,4.15,0.91,-7.02,0.44,0.55,-0.83
1965484,4.16,0.72,-7.04,0.23,0.38,0.49
1965491,4.29,0.56,-7.07,-0.27,0,1.5
1965498,4.34,0.7,-7.11,-0.66,-0.34,1.13
1965532,4.38,0.49,-6.99,-0.69,-0.11,1.51
1965539,4.4,0.36,-7.01,-0.72,-0.01,0.99
1965546,4.27,0.49,-7.02,-0.61,0.06,0.81
1965553,4.2,0.56,-6.99,-0.35,0.27,0.88
1965560,4.26,0.58,-6.99,0.03,0.5,1
1965567,4.4,0.59,-7.01,0.4,0.57,0.67
1965574,4.42,0.6,-7.06,0.58,0.51,-0.19
1965581,4.33,0.62,-7.08,0.7,0.42,-0.87
1965588,4.21,0.67,-7.08,0.82,0.35,-0.74
1965595,4.19,0.71,-7.04,0.85,0.29,-0.19
1965602,4.27,0.73,-7.02,0.76,0.2,-0.07
1965609,4.34,0.72,-7.04,0.52,0.03,-0.33
1965616,4.28,0.7,-7.09,0.21,-0.19,-0.54
1965623,4.18,0.74,-7.11,-0.07,-0.32,-0.32
1965630,4.17,0.8,-7.09,-0.25,-0.35,0.26
1965637,4.23,0.78,-7.06,-0.35,-0.27,0.79
1965644,4.31,0.68,-7.05,-0.5,-0.2,0.8
1965651,4.29,0.61,-7.07,-0.69,-0.16,0.71
1965658,4.24,0.54,-7.06,-0.78,-0.1,1.03
1965665,4.22,0.55,-7.02,-0.8,-0.04,1.46
1965672,4.26,0.58,-7,-0.66,0.07,1.74
1965679,4.34,0.61,-7,-0.45,0.15,1.31
1965686,4.37,0.61,-7.02,-0.22,0.2,0.55
1965693,4.31,0.56,-7.05,0,0.23,0.14
1965700,4.25,0.56,-7.02,0.25,0.22,0.23
1965707,4.28,0.64,-7.02,0.44,0.25,0.27
1965714,4.32,0.67,-7.03,0.55,0.19,-0.03
1965721,4.32,0.68,-7.04,0.64,0.13,-0.58
1965728,4.26,0.69,-7.06,0.63,0.06,-0.91
1965737,4.2,0.67,-7.06,0.44,0.03,-0.41
1965744,4.21,0.69,-7.07,0.24,-0.03,0.04
1965751,4.27,0.76,-7.08,0.11,-0.08,0.26
1965758,4.28,0.79,-7.08,-0.02,-0.08,0.08
1965765,4.26,0.72,-7.07,-0.18,-0.07,0.02
1965772,4.23,0.66,-7.06,-0.36,0,0.45
1965779,4.23,0.62,-7.03,-0.51,0.06,1.13
1965786,4.28,0.61,-7.03,-0.6,0.04,1.48
1965793,4.31,0.63,-7.03,-0.61,0.05,1.34
1965800,4.31,0.66,-7.01,-0.56,0.09,0.92
1965807,4.29,0.62,-7.02,-0.4,0.11,0.72
1965814,4.29,0.59,-7,-0.23,0.16,0.77
1965821,4.32,0.58,-7,-0.07,0.15,0.76
1965828,4.35,0.6,-7.01,0.08,0.13,0.46
1965835,4.34,0.63,-7.02,0.25,0.11,-0.03
1965842,4.3,0.64,-7.02,0.4,0.1,-0.35
1965849,4.27,0.64,-7.03,0.51,0.12,-0.35
1965856,4.28,0.63,-7.04,0.54,0.09,-0.21
1965863,4.29,0.66,-7.06,0.49,0.07,-0.15
1965870,4.28,0.7,-7.06,0.37,0.07,-0.21
1965877,4.25,0.73,-7.06,0.27,0.06,-0.2
1965884,4.23,0.73,-7.05,0.15,0.07,0.06
1965891,4.24,0.71,-7.05,0.01,0.09,0.45
1965898,4.27,0.69,-7.06,-0.2,0.05,0.66
1965905,4.28,0.68,-7.06,-0.4,0.01,0.74
1965912,4.26,0.68,-7.05,-0.53,-0.04,0.76
1965919,4.25,0.67,-7.04,-0.57,-0.04,0.85
1965926,4.26,0.66,-7.04,-0.54,-0.04,1
1965933,4.3,0.63,-7.04,-0.48,-0.02,0.98
1965940,4.33,0.6,-7.03,-0.39,0,0.73
1965947,4.32,0.58,-7.02,-0.26,0,0.43
1965954,4.28,0.59,-7.01,-0.08,0.03,0.3
1965961,4.28,0.59,-7.01,0.06,0.04,0.31
1965968,4.3,0.6,-7.02,0.25,0.06,0.26
1965975,4.32,0.61,-7.03,0.38,0.09,-0.01
1965982,4.31,0.63,-7.04,0.43,0.08,-0.25
1966017,4.26,0.69,-7.06,0.15,-0.02,0.04
1966024,4.24,0.69,-7.06,0,-0.04,0.14
1966031,4.23,0.69,-7.05,-0.18,-0.07,0.46
1966038,4.24,0.69,-7.05,-0.27,-0.04,0.77
1966045,4.27,0.68,-7.05,-0.33,0,0.87
1966052,4.29,0.65,-7.05,-0.4,-0.01,0.78
1966059,4.29,0.63,-7.05,-0.43,-0.03,0.7
1966066,4.28,0.61,-7.03,-0.4,-0.03,0.71
1966073,4.28,0.61,-7.02,-0.33,-0.03,0.75
1966080,4.31,0.61,-7.01,-0.21,0,0.65
1966087,4.32,0.61,-7.01,-0.1,0.03,0.41
1966094,4.31,0.6,-7.03,0.05,0.05,0.15
1966101,4.28,0.6,-7.03,0.16,0.04,0.04
1966108,4.27,0.62,-7.02,0.25,0.05,0.04
1966115,4.26,0.64,-7.03,0.37,0.06,0.03
1966122,4.28,0.66,-7.05,0.44,0.09,-0.08
1966129,4.26,0.67,-7.05,0.4,0.08,-0.18
1966136,4.25,0.67,-7.05,0.34,0.06,-0.2
1966143,4.23,0.68,-7.05,0.21,0.04,-0.02
1966150,4.24,0.7,-7.07,0.11,0.02,0.33
1966157,4.25,0.72,-7.07,0,-0.02,0.45
1966164,4.27,0.71,-7.07,-0.15,-0.04,0.41
1966171,4.26,0.69,-7.06,-0.27,-0.06,0.46
1966178,4.24,0.67,-7.05,-0.39,-0.08,0.66
1966185,4.26,0.64,-7.05,-0.43,-0.05,0.88
1966192,4.29,0.64,-7.05,-0.46,-0.05,0.96
1966199,4.3,0.64,-7.04,-0.43,-0.03,0.81
1966206,4.29,0.63,-7.04,-0.37,0,0.67
1966213,4.29,0.6,-7.03,-0.24,0.01,0.58
1966220,4.28,0.59,-7.02,-0.08,0.03,0.5
1966227,4.29,0.6,-7.02,0.04,0.03,0.34
1966234,4.31,0.6,-7.04,0.17,0.05,0.21
1966241,4.28,0.62,-7.03,0.27,0.05,-0.11
1966248,4.26,0.62,-7.03,0.34,0.05,-0.23
1966255,4.26,0.63,-7.05,0.37,0.03,-0.12
1966262,4.26,0.64,-7.06,0.34,0.06,-0.06
1966269,4.27,0.67,-7.07,0.27,0.05,-0.01
1966276,4.26,0.68,-7.07,0.16,0.02,0.04
1966283,4.25,0.7,-7.07,0.07,-0.01,0.08
1966290,4.23,0.69,-7.07,-0.03,-0.02,0.28
1966297,4.24,0.68,-7.07,-0.15,-0.04,0.48
1966304,4.26,0.66,-7.07,-0.25,-0.03,0.61
1966311,4.27,0.66,-7.05,-0.36,-0.03,0.68
1966318,4.26,0.66,-7.05,-0.4,-0.05,0.68
1966325,4.26,0.64,-7.04,-0.4,-0.02,0.72
1966332,4.27,0.63,-7.05,-0.34,-0.05,0.78
1966339,4.29,0.61,-7.05,-0.24,0,0.71
1966346,4.3,0.59,-7.04,-0.16,-0.01,0.59
1966353,4.29,0.6,-7.03,-0.08,0.03,0.39
1966360,4.28,0.6,-7.02,0,0.04,0.26
1966367,4.28,0.61,-7.02,0.15,0.06,0.21
1966374,4.28,0.62,-7.03,0.27,0.09,0.09
1966381,4.29,0.63,-7.03,0.34,0.09,-0.06
1966388,4.29,0.64,-7.03,0.36,0.07,-0.19
1966395,4.26,0.66,-7.03,0.34,0.05,-0.2
1966402,4.24,0.68,-7.04,0.34,0.03,-0.04
1966409,4.24,0.69,-7.04,0.24,0.03,0.14
1966416,4.26,0.69,-7.06,0.15,0.03,0.23
1966423,4.25,0.7,-7.06,0,0.03,0.32
1966430,4.24,0.69,-7.05,-0.13,0.01,0.4
1966437,4.25,0.69,-7.05,-0.23,0.02,0.59
1966444,4.25,0.68,-7.05,-0.31,0.04,0.75
1966451,4.28,0.67,-7.05,-0.34,0.01,0.84
1966458,4.28,0.65,-7.04,-0.34,0.02,0.75
1966465,4.28,0.63,-7.03,-0.33,-0.04,0.65
1966499,4.3,0.61,-7.02,0.11,0.03,0.14
1966506,4.29,0.63,-7.03,0.2,0.03,0.01
1966513,4.27,0.65,-7.03,0.27,0.03,0.02
1966520,4.28,0.66,-7.03,0.32,0.03,0.02
1966527,4.28,0.67,-7.03,0.31,0.03,0.04
1966534,4.27,0.68,-7.04,0.27,0.02,-0.01
1966541,4.26,0.68,-7.05,0.2,0.02,0.04
1966548,4.25,0.69,-7.05,0.12,0,0.25
1966555,4.25,0.7,-7.05,0.02,0.06,0.4
1966562,4.26,0.69,-7.06,-0.14,0.05,0.49
1966569,4.26,0.69,-7.05,-0.21,0.04,0.55
1966576,4.25,0.68,-7.04,-0.3,0.04,0.61
1966583,4.26,0.66,-7.05,-0.33,0.03,0.71
1966590,4.27,0.65,-7.04,-0.34,0.05,0.81
1966597,4.29,0.64,-7.04,-0.31,0.06,0.78
1966604,4.3,0.63,-7.03,-0.24,0.01,0.67
1966611,4.3,0.62,-7.03,-0.16,0.02,0.49
1966618,4.3,0.61,-7.03,-0.05,0.03,0.37
1966625,4.29,0.61,-7.02,0.06,0.03,0.3
1966632,4.3,0.62,-7.02,0.17,0.04,0.25
1966639,4.3,0.62,-7.03,0.24,0.03,0.12
1966646,4.29,0.64,-7.03,0.26,0.04,-0.03
1966653,4.27,0.65,-7.04,0.31,0.05,-0.09
1966660,4.26,0.65,-7.04,0.36,0.03,-0.03
1966667,4.26,0.67,-7.05,0.31,0.03,0.07
1966674,4.26,0.67,-7.06,0.24,0,0.09
1966681,4.25,0.68,-7.06,0.15,-0.02,0.16
1966688,4.25,0.68,-7.06,0.01,-0.05,0.29
1966695,4.24,0.69,-7.06,-0.05,-0.07,0.42
1966702,4.25,0.68,-7.05,-0.15,-0.06,0.53
1966709,4.26,0.67,-7.05,-0.25,-0.05,0.61
1966716,4.27,0.66,-7.04,-0.28,-0.07,0.64
1966723,4.27,0.65,-7.04,-0.32,-0.06,0.67
1966730,4.28,0.64,-7.04,-0.3,-0.05,0.69
1966737,4.28,0.63,-7.04,-0.25,0,0.7
1966744,4.29,0.62,-7.04,-0.17,-0.01,0.62
1966751,4.29,0.61,-7.04,-0.11,0.01,0.46
1966758,4.3,0.61,-7.03,-0.02,0.06,0.33
1966765,4.29,0.62,-7.04,0.1,0.08,0.22
1966772,4.28,0.63,-7.03,0.2,0.08,0.16
1966779,4.28,0.64,-7.04,0.25,0.06,0.08
1966786,4.28,0.65,-7.04,0.29,0.09,0.05
1966793,4.27,0.66,-7.04,0.3,0.09,0.06
1966800,4.26,0.67,-7.04,0.26,0.09,0.07
1966807,4.26,0.69,-7.05,0.21,0.08,0.13
1966814,4.25,0.69,-7.05,0.12,0.07,0.22
1966821,4.26,0.69,-7.05,-0.02,0.07,0.33
1966828,4.26,0.68,-7.05,-0.08,0.07,0.37
1966835,4.26,0.68,-7.05,-0.18,0.03,0.46
1966842,4.26,0.68,-7.04,-0.2,0.03,0.61
1966849,4.26,0.67,-7.04,-0.24,0.03,0.63
1966856,4.27,0.65,-7.04,-0.24,0.03,0.66
1966863,4.28,0.64,-7.04,-0.24,0.03,0.67
1966870,4.28,0.63,-7.03,-0.21,-0.02,0.59
1966877,4.29,0.62,-7.02,-0.16,-0.02,0.57
1966884,4.29,0.62,-7.02,-0.11,0.02,0.55
1966891,4.3,0.62,-7.02,-0.02,0,0.41
1966898,4.3,0.62,-7.02,0.08,0.03,0.24
1966905,4.28,0.62,-7.02,0.15,0.03,0.13
1966912,4.28,0.63,-7.02,0.21,0.04,0.07
1966919,4.28,0.64,-7.03,0.23,0.03,0.06
1966926,4.27,0.65,-7.03,0.23,0.04,0.08
1966933,4.27,0.67,-7.03,0.2,0.05,0.08
1966940,4.26,0.67,-7.03,0.18,0.03,0.14
1966947,4.26,0.68,-7.04,0.08,0.02,0.23
1966981,4.27,0.66,-7.03,-0.27,-0.04,0.64
1966988,4.28,0.65,-7.04,-0.29,0,0.66
1966995,4.29,0.64,-7.03,-0.24,0.02,0.65
1967002,4.3,0.64,-7.04,-0.22,0.02,0.58
1967009,4.3,0.63,-7.03,-0.21,0.02,0.48
1967016,4.3,0.62,-7.03,-0.14,0.06,0.39
1967023,4.29,0.62,-7.03,-0.06,0.08,0.31
1967030,4.29,0.62,-7.03,0.05,0.06,0.25
1967037,4.3,0.63,-7.03,0.15,0.09,0.14
1967044,4.29,0.64,-7.04,0.19,0.09,0.04
1967051,4.28,0.64,-7.04,0.22,0.12,-0.02
1967058,4.28,0.65,-7.05,0.23,0.1,0.02
1967065,4.27,0.66,-7.05,0.21,0.06,0.07
1967072,4.27,0.67,-7.05,0.18,0.09,0.09
1967079,4.26,0.68,-7.06,0.11,0.06,0.16
1967086,4.26,0.68,-7.06,0,0,0.24
1967093,4.26,0.68,-7.06,-0.07,0,0.36
1967100,4.26,0.67,-7.06,-0.14,0,0.52
1967107,4.27,0.67,-7.06,-0.22,-0.03,0.62
1967114,4.28,0.66,-7.06,-0.27,-0.01,0.66
1967121,4.29,0.66,-7.05,-0.27,-0.02,0.65
1967128,4.29,0.64,-7.05,-0.24,0,0.56
1967135,4.29,0.63,-7.04,-0.21,0.01,0.54
1967142,4.3,0.63,-7.03,-0.14,0,0.49
1967149,4.3,0.62,-7.03,-0.09,0,0.4
1967156,4.3,0.62,-7.03,-0.02,0.02,0.3
1967163,4.3,0.63,-7.03,0.08,0,0.23
1967170,4.28,0.64,-7.02,0.17,0.03,0.1
1967177,4.29,0.64,-7.03,0.21,0.05,0.08
1967184,4.29,0.65,-7.04,0.27,0.09,0.03
1967191,4.27,0.67,-7.04,0.25,0.06,-0.03
1967198,4.27,0.68,-7.05,0.2,0.09,0.01
1967205,4.26,0.68,-7.05,0.18,0.13,0.07
1967212,4.26,0.69,-7.05,0.11,0.1,0.14
1967219,4.25,0.69,-7.05,0.03,0.09,0.24
1967226,4.26,0.68,-7.05,-0.02,0.09,0.36
1967233,4.27,0.69,-7.04,-0.14,0.07,0.42
1967240,4.27,0.68,-7.04,-0.21,0.05,0.52
1967247,4.26,0.66,-7.04,-0.26,0.02,0.62
1967254,4.27,0.65,-7.03,-0.27,-0.01,0.68
1967261,4.28,0.65,-7.03,-0.25,0,0.65
1967268,4.29,0.64,-7.03,-0.21,0.02,0.57
1967275,4.29,0.63,-7.03,-0.12,0,0.49
1967282,4.29,0.63,-7.02,-0.03,-0.01,0.43
1967289,4.29,0.63,-7.02,0.03,-0.02,0.33
1967296,4.29,0.63,-7.02,0.11,0.01,0.2
1967303,4.29,0.64,-7.02,0.18,0.02,0.12
1967310,4.28,0.64,-7.03,0.24,0.06,0.08
1967317,4.27,0.66,-7.03,0.27,0.08,0.06
1967324,4.27,0.66,-7.04,0.25,0.07,0.07
1967331,4.27,0.67,-7.04,0.22,0.08,0.11
1967338,4.27,0.68,-7.04,0.15,0.07,0.2
1967345,4.26,0.68,-7.04,0.09,0.07,0.24
1967352,4.25,0.69,-7.04,0.05,0.06,0.34
1967359,4.25,0.68,-7.04,-0.05,0.04,0.42
1967366,4.25,0.68,-7.04,-0.13,0.03,0.55
1967373,4.26,0.68,-7.05,-0.21,0.03,0.62
1967380,4.27,0.67,-7.05,-0.2,0.02,0.63
1967387,4.27,0.66,-7.04,-0.23,0.05,0.62
1967394,4.28,0.66,-7.03,-0.23,0.06,0.62
1967401,4.29,0.65,-7.03,-0.18,0.03,0.61
1967408,4.29,0.64,-7.03,-0.13,0.03,0.54
1967415,4.29,0.64,-7.03,-0.04,0.03,0.44
1967422,4.3,0.63,-7.03,0.02,0.02,0.34
1967429,4.3,0.63,-7.03,0.09,0.01,0.25
1967436,4.3,0.63,-7.03,0.18,0.04,0.2
1967469,4.27,0.67,-7.05,0.16,0.06,0.16
1967476,4.27,0.67,-7.05,0.11,0.04,0.26
1967483,4.26,0.68,-7.06,0.03,0.03,0.36
1967490,4.26,0.68,-7.05,-0.02,0.03,0.48
1967497,4.25,0.68,-7.06,-0.09,0.01,0.55
1967504,4.26,0.67,-7.05,-0.12,0,0.57
1967511,4.26,0.66,-7.04,-0.18,0,0.65
1967518,4.27,0.65,-7.04,-0.21,0.01,0.65
1967525,4.27,0.64,-7.04,-0.18,0.02,0.59
1967532,4.28,0.64,-7.03,-0.15,0.03,0.55
1967539,4.28,0.63,-7.03,-0.11,0.05,0.52
1967546,4.28,0.63,-7.03,-0.08,0.06,0.45
1967553,4.28,0.63,-7.03,-0.02,0.09,0.35
1967560,4.28,0.63,-7.03,0.08,0.11,0.24
1967567,4.28,0.63,-7.03,0.14,0.07,0.17
1967574,4.28,0.64,-7.03,0.16,0.06,0.11
1967581,4.28,0.65,-7.04,0.23,0.05,0.1
1967588,4.27,0.65,-7.04,0.24,0.03,0.11
1967595,4.27,0.66,-7.04,0.2,0.04,0.15
1967602,4.26,0.67,-7.04,0.15,0.05,0.2
1967609,4.26,0.67,-7.05,0.09,0.05,0.25
1967616,4.26,0.67,-7.05,0.06,0.03,0.34
1967623,4.26,0.67,-7.05,-0.02,0,0.47
1967630,4.26,0.67,-7.05,-0.11,-0.02,0.52
1967637,4.27,0.67,-7.05,-0.12,0,0.55
1967644,4.27,0.66,-7.05,-0.17,0.02,0.6
1967651,4.27,0.65,-7.04,-0.2,0.01,0.65
1967658,4.27,0.65,-7.04,-0.19,0.03,0.59
1967665,4.27,0.64,-7.04,-0.18,0.04,0.52
1967672,4.27,0.64,-7.04,-0.13,0.06,0.46
1967679,4.28,0.64,-7.04,-0.07,0.1,0.4
1967686,4.29,0.63,-7.04,0.01,0.07,0.36
1967693,4.28,0.64,-7.05,0.05,0.09,0.27
1967700,4.28,0.64,-7.04,0.11,0.09,0.23
1967707,4.29,0.65,-7.04,0.14,0.09,0.17
1967714,4.27,0.65,-7.05,0.17,0.1,0.13
1967721,4.27,0.67,-7.05,0.21,0.1,0.11
1967728,4.26,0.67,-7.05,0.12,0.08,0.11
1967735,4.28,0.67,-7.06,0.1,0.05,0.21
1967743,4.26,0.67,-7.06,0.08,0.04,0.23
1967750,4.24,0.68,-7.05,-0.01,0,0.32
1967757,4.25,0.68,-7.05,-0.08,0,0.4
1967764,4.26,0.67,-7.05,-0.08,0,0.51
1967771,4.26,0.67,-7.05,-0.14,0,0.6
1967778,4.26,0.66,-7.04,-0.21,-0.03,0.6
1967785,4.26,0.65,-7.04,-0.22,-0.02,0.61
1967792,4.27,0.64,-7.04,-0.21,-0.01,0.6
1967799,4.28,0.63,-7.03,-0.19,0.03,0.55
1967806,4.28,0.63,-7.03,-0.14,0.02,0.49
1967813,4.28,0.63,-7.03,-0.08,0.01,0.41
1967820,4.29,0.62,-7.03,-0.02,0.02,0.34
1967827,4.29,0.63,-7.04,0.05,0.02,0.3
1967834,4.29,0.63,-7.05,0.07,0.02,0.21
1967841,4.28,0.64,-7.04,0.15,0.03,0.18
1967848,4.28,0.66,-7.05,0.17,0.07,0.16
1967855,4.27,0.66,-7.05,0.15,0.06,0.15
1967862,4.27,0.67,-7.05,0.15,0.06,0.17
1967869,4.26,0.67,-7.05,0.11,0.06,0.26
1967876,4.26,0.68,-7.05,0.06,0.03,0.33
1967883,4.26,0.68,-7.05,-0.02,0.03,0.36
1967890,4.26,0.68,-7.05,-0.08,0.01,0.44
1967897,4.26,0.67,-7.05,-0.14,0.02,0.51
1967904,4.26,0.67,-7.05,-0.17,0.03,0.55
1967911,4.26,0.66,-7.04,-0.21,0.03,0.57
1967918,4.27,0.66,-7.04,-0.19,0.01,0.59
1967956,4.28,0.62,-7.02,0.02,0.03,0.33
1967963,4.28,0.62,-7.03,0.08,0.03,0.25
1967970,4.28,0.62,-7.04,0.14,0.03,0.19
1967977,4.27,0.63,-7.04,0.18,0.06,0.14
1967984,4.27,0.64,-7.05,0.18,0.05,0.15
1967991,4.26,0.65,-7.05,0.15,0.05,0.17
1967998,4.25,0.66,-7.05,0.11,0.06,0.22
1968005,4.26,0.67,-7.05,0.09,0.04,0.25
1968012,4.26,0.67,-7.06,0.04,0.05,0.3
1968019,4.26,0.67,-7.05,0.01,0.08,0.39
1968026,4.25,0.67,-7.06,-0.09,0.06,0.46
1968033,4.26,0.67,-7.05,-0.12,0.04,0.5
1968040,4.27,0.66,-7.05,-0.16,0.05,0.55
1968047,4.27,0.65,-7.05,-0.21,0.03,0.58
1968054,4.28,0.64,-7.05,-0.19,0.02,0.55
1968061,4.28,0.64,-7.04,-0.15,0.01,0.53
1968068,4.28,0.64,-7.04,-0.11,0.02,0.51
1968075,4.28,0.63,-7.04,-0.09,0.04,0.49
1968082,4.28,0.63,-7.04,-0.03,0.04,0.36
1968089,4.29,0.63,-7.04,0.04,0.03,0.28
1968096,4.28,0.63,-7.04,0.08,0.05,0.24
1968103,4.28,0.63,-7.04,0.12,0.06,0.2
1968110,4.27,0.64,-7.04,0.11,0.06,0.16
1968117,4.26,0.65,-7.05,0.16,0.06,0.17
1968124,4.27,0.65,-7.05,0.17,0.05,0.17
1968131,4.26,0.66,-7.05,0.11,0.03,0.23
1968138,4.26,0.66,-7.06,0.08,0.03,0.28
1968145,4.26,0.66,-7.07,0.08,0,0.34
1968152,4.26,0.67,-7.06,-0.02,0.02,0.4
1968159,4.26,0.67,-7.06,-0.09,0,0.47
1968166,4.27,0.68,-7.05,-0.14,-0.01,0.51
1968173,4.27,0.67,-7.04,-0.14,0,0.52
1968180,4.27,0.66,-7.04,-0.15,0.02,0.55
1968187,4.27,0.65,-7.04,-0.12,0.02,0.51
1968194,4.28,0.64,-7.04,-0.12,0,0.52
1968201,4.28,0.63,-7.03,-0.08,0,0.44
1968208,4.28,0.63,-7.03,-0.05,0,0.38
1968215,4.28,0.63,-7.03,0.03,0.01,0.35
1968222,4.28,0.63,-7.03,0.1,0.03,0.26
1968229,4.28,0.64,-7.03,0.11,0.03,0.24
1968236,4.28,0.65,-7.04,0.12,0.05,0.19
1968243,4.28,0.65,-7.05,0.13,0.04,0.14
1968250,4.27,0.66,-7.04,0.15,0.06,0.07
1968257,4.27,0.66,-7.05,0.12,0.05,0.14
1968264,4.27,0.67,-7.05,0.11,0.02,0.17
1968271,4.27,0.67,-7.06,0.07,0.05,0.2
1968278,4.27,0.68,-7.05,0.05,0.02,0.24
1968285,4.27,0.68,-7.05,0.02,0.01,0.35
1968292,4.26,0.68,-7.04,-0.04,0.03,0.42
1968299,4.27,0.67,-7.04,-0.08,0.03,0.48
1968306,4.27,0.67,-7.04,-0.1,0.04,0.53
1968313,4.27,0.67,-7.04,-0.11,0.06,0.55
1968320,4.28,0.66,-7.04,-0.14,0.06,0.52
1968327,4.29,0.65,-7.03,-0.13,0.04,0.49
1968334,4.29,0.64,-7.03,-0.09,0.06,0.43
1968341,4.29,0.65,-7.03,-0.05,0.06,0.4
1968348,4.29,0.65,-7.03,0.02,0.06,0.39
1968355,4.29,0.65,-7.03,0.08,0.07,0.33
1968362,4.29,0.65,-7.03,0.12,0.05,0.32
1968369,4.28,0.65,-7.03,0.17,0.03,0.31
1968376,4.28,0.66,-7.03,0.17,0.03,0.26
1968383,4.28,0.66,-7.04,0.15,0.03,0.2
1968390,4.27,0.67,-7.03,0.18,0.05,0.2
1968397,4.28,0.67,-7.03,0.15,0.07,0.23
1968404,4.28,0.67,-7.04,0.11,0.06,0.26
1968411,4.27,0.67,-7.04,0.06,0.06,0.32
1968445,4.27,0.66,-7.03,-0.13,0.05,0.58
1968452,4.28,0.65,-7.03,-0.13,0.06,0.55
1968459,4.29,0.65,-7.03,-0.12,0.03,0.56
1968466,4.29,0.64,-7.02,-0.1,0.06,0.54
1968473,4.29,0.64,-7.03,-0.08,0.11,0.49
1968480,4.29,0.63,-7.03,-0.03,0.08,0.42
1968487,4.29,0.63,-7.02,0.04,0.08,0.33
1968494,4.29,0.63,-7.02,0.1,0.12,0.27
1968501,4.28,0.64,-7.03,0.11,0.09,0.26
1968508,4.28,0.65,-7.03,0.12,0.06,0.25
1968515,4.28,0.65,-7.03,0.15,0.07,0.18
1968522,4.27,0.65,-7.03,0.17,0.06,0.16
1968529,4.27,0.66,-7.03,0.12,0.06,0.21
1968536,4.27,0.66,-7.04,0.08,0.03,0.24
1968543,4.26,0.66,-7.04,0.02,0.03,0.3
1968550,4.26,0.66,-7.04,-0.01,0.06,0.39
1968557,4.27,0.66,-7.04,-0.09,0.05,0.44
1968564,4.27,0.67,-7.04,-0.13,0.07,0.45
1968571,4.27,0.66,-7.04,-0.14,0.03,0.46
1968578,4.27,0.65,-7.04,-0.11,0.06,0.52
1968585,4.27,0.65,-7.03,-0.13,0.04,0.53
1968592,4.27,0.64,-7.03,-0.12,0.03,0.5
1968599,4.27,0.63,-7.03,-0.1,0,0.44
1968606,4.28,0.63,-7.03,-0.04,0.03,0.39
1968613,4.28,0.62,-7.04,0.01,0.04,0.3
1968620,4.27,0.62,-7.03,0.04,0.04,0.25
1968627,4.28,0.63,-7.03,0.08,0.06,0.2
1968634,4.27,0.64,-7.04,0.16,0.08,0.19
1968641,4.27,0.64,-7.04,0.16,0.09,0.2
1968648,4.27,0.65,-7.05,0.15,0.08,0.17
1968655,4.27,0.65,-7.05,0.16,0.06,0.2
1968662,4.27,0.66,-7.05,0.16,0.04,0.24
1968669,4.26,0.67,-7.06,0.15,0.04,0.31
1968676,4.26,0.67,-7.06,0.08,0.06,0.33
1968683,4.26,0.67,-7.06,0.04,0,0.41
1968690,4.26,0.67,-7.06,-0.02,0.02,0.48
1968697,4.26,0.67,-7.05,-0.07,0,0.52
1968704,4.26,0.67,-7.05,-0.09,0,0.56
1968711,4.27,0.66,-7.05,-0.14,-0.01,0.55
1968718,4.27,0.65,-7.05,-0.16,0.04,0.53
1968725,4.27,0.65,-7.05,-0.15,0.08,0.52
1968732,4.27,0.64,-7.04,-0.13,0.09,0.5
1968739,4.28,0.63,-7.04,-0.08,0.07,0.44
1968746,4.27,0.63,-7.04,-0.04,0.06,0.39
1968753,4.27,0.63,-7.04,0.03,0.03,0.32
1968760,4.27,0.63,-7.04,0.05,0.02,0.26
1968767,4.27,0.64,-7.04,0.09,0.06,0.21
1968774,4.27,0.65,-7.04,0.14,0.05,0.17
1968781,4.27,0.66,-7.05,0.12,0.04,0.21
1968788,4.27,0.66,-7.05,0.11,0.03,0.2
1968795,4.27,0.66,-7.05,0.1,-0.01,0.22
1968802,4.27,0.67,-7.05,0.07,0,0.26
1968809,4.27,0.67,-7.06,0.04,-0.05,0.33
1968816,4.26,0.66,-7.05,-0.01,-0.03,0.36
1968823,4.26,0.67,-7.05,-0.05,-0.02,0.4
1968830,4.27,0.66,-7.05,-0.08,0,0.46
1968837,4.27,0.66,-7.05,-0.11,0.01,0.46
1968844,4.28,0.66,-7.04,-0.14,0,0.49
1968851,4.28,0.65,-7.04,-0.16,0.04,0.54
1968858,4.29,0.65,-7.04,-0.11,0.06,0.47
1968865,4.29,0.64,-7.03,-0.11,0.09,0.43
1968872,4.29,0.64,-7.03,-0.06,0.1,0.39
1968879,4.29,0.65,-7.04,-0.02,0.1,0.35
1968886,4.29,0.64,-7.04,0.05,0.09,0.29
1968893,4.28,0.65,-7.03,0.04,0.06,0.25
1968926,4.28,0.67,-7.05,0.11,0.06,0.23
1968933,4.28,0.67,-7.05,0.06,0.09,0.23
1968940,4.28,0.67,-7.05,0,0.08,0.26
1968947,4.27,0.67,-7.04,-0.05,0.07,0.36
1968954,4.27,0.66,-7.04,-0.05,0.05,0.41
1968961,4.28,0.66,-7.04,-0.12,0.01,0.46
1968968,4.28,0.66,-7.04,-0.12,0.01,0.49
1968975,4.28,0.66,-7.04,-0.16,0,0.54
1968982,4.29,0.66,-7.04,-0.16,-0.01,0.53
1968989,4.29,0.65,-7.03,-0.11,0,0.51
1968996,4.29,0.64,-7.03,-0.07,0.02,0.47
1969003,4.29,0.63,-7.03,-0.05,0.04,0.46
1969010,4.29,0.64,-7.03,-0.01,0.03,0.41
1969017,4.29,0.64,-7.03,0.06,0.06,0.35
1969024,4.29,0.64,-7.04,0.08,0.07,0.26
1969031,4.28,0.65,-7.04,0.1,0.09,0.23
1969038,4.28,0.65,-7.04,0.11,0.11,0.2
1969045,4.27,0.66,-7.03,0.14,0.1,0.19
1969052,4.27,0.66,-7.04,0.09,0.09,0.2
1969059,4.26,0.67,-7.03,0.06,0.05,0.23
1969066,4.27,0.67,-7.05,0.06,0.03,0.29
1969073,4.27,0.67,-7.04,0.03,0.04,0.33
1969080,4.28,0.67,-7.04,0,0.03,0.33
1969087,4.29,0.66,-7.04,-0.04,0.03,0.43
1969094,4.27,0.67,-7.04,-0.08,0,0.48
1969101,4.27,0.67,-7.03,-0.12,0.01,0.44
1969108,4.28,0.66,-7.03,-0.16,0,0.48
1969115,4.28,0.65,-7.03,-0.14,0.03,0.52
1969122,4.28,0.65,-7.03,-0.13,0.02,0.55
1969129,4.28,0.64,-7.04,-0.09,0.05,0.49
1969136,4.29,0.64,-7.04,-0.08,0.06,0.43
1969143,4.28,0.64,-7.03,0.02,0.06,0.38
1969150,4.28,0.64,-7.04,0.03,0.05,0.35
1969157,4.28,0.64,-7.03,0.08,0.06,0.27
1969164,4.28,0.65,-7.03,0.12,0.07,0.25
1969171,4.28,0.65,-7.03,0.12,0.06,0.23
1969178,4.27,0.66,-7.04,0.1,0.05,0.17
1969185,4.28,0.67,-7.05,0.09,0.06,0.19
1969192,4.28,0.67,-7.05,0.06,0.04,0.22
1969199,4.28,0.67,-7.06,0.06,0.01,0.24
1969206,4.27,0.68,-7.06,0.01,0.02,0.28
1969213,4.26,0.67,-7.06,-0.02,0.03,0.3
1969220,4.26,0.67,-7.06,-0.03,0.01,0.38
1969227,4.27,0.67,-7.05,-0.06,0,0.42
1969234,4.27,0.66,-7.05,-0.1,0,0.45
1969241,4.27,0.65,-7.05,-0.11,0.01,0.47
1969248,4.28,0.65,-7.05,-0.09,0,0.49
1969255,4.27,0.65,-7.04,-0.1,0.02,0.48
1969262,4.27,0.64,-7.04,-0.07,0.03,0.48
1969269,4.27,0.64,-7.04,-0.02,0.01,0.44
1969276,4.28,0.64,-7.03,0,0.01,0.39
1969283,4.28,0.64,-7.03,0.02,0.02,0.37
1969290,4.27,0.64,-7.03,0.06,-0.01,0.34
1969297,4.27,0.64,-7.04,0.09,0.04,0.31
1969304,4.27,0.65,-7.04,0.08,0.06,0.27
1969311,4.26,0.65,-7.05,0.08,0.09,0.21
1969318,4.26,0.65,-7.05,0.09,0.05,0.21
1969325,4.26,0.66,-7.05,0.08,0.02,0.17
1969332,4.26,0.66,-7.05,0.03,0.03,0.27
1969339,4.26,0.67,-7.05,0,0.03,0.3
1969346,4.26,0.67,-7.05,-0.02,0.03,0.36
1969353,4.27,0.66,-7.05,-0.05,0.03,0.4
1969360,4.28,0.66,-7.05,-0.08,0.01,0.42
1969367,4.28,0.66,-7.05,-0.11,-0.01,0.46
1969374,4.28,0.65,-7.04,-0.11,0,0.49
1969409,4.29,0.63,-7.03,0.02,0.05,0.39
1969416,4.29,0.63,-7.02,0.06,0.03,0.33
1969423,4.29,0.63,-7.02,0.11,0.03,0.29
1969430,4.28,0.64,-7.02,0.12,0.03,0.25
1969437,4.28,0.65,-7.03,0.11,0.05,0.26
1969444,4.27,0.65,-7.03,0.11,0.05,0.27
1969451,4.28,0.66,-7.04,0.06,0.03,0.24
1969458,4.28,0.66,-7.03,0.07,0.06,0.23
1969465,4.27,0.66,-7.03,0.02,0.11,0.29
1969472,4.26,0.67,-7.04,-0.02,0.09,0.36
1969479,4.27,0.66,-7.04,-0.02,0.04,0.42
1969486,4.27,0.66,-7.04,-0.05,0.04,0.44
1969493,4.26,0.66,-7.04,-0.08,0.03,0.5
1969500,4.27,0.66,-7.04,-0.07,0.03,0.51
1969507,4.28,0.65,-7.04,-0.04,0.02,0.52
1969514,4.28,0.65,-7.03,-0.06,0.02,0.51
1969521,4.28,0.64,-7.03,-0.03,0.01,0.48
1969528,4.28,0.64,-7.03,-0.02,0.05,0.46
1969535,4.28,0.65,-7.03,0.04,0.03,0.42
1969542,4.28,0.65,-7.03,0.06,0.05,0.39
1969549,4.29,0.64,-7.04,0.07,0.07,0.34
1969556,4.28,0.64,-7.04,0.1,0.09,0.26
1969563,4.28,0.65,-7.04,0.13,0.09,0.2
1969570,4.27,0.66,-7.04,0.13,0.07,0.22
1969577,4.27,0.66,-7.03,0.11,0.08,0.2
1969584,4.26,0.67,-7.04,0.11,0.08,0.19
1969591,4.27,0.67,-7.03,0.07,0.06,0.23
1969598,4.27,0.67,-7.04,0.05,0.06,0.26
1969605,4.26,0.67,-7.04,0.02,0.07,0.36
1969612,4.26,0.67,-7.05,-0.05,0.05,0.39
1969619,4.26,0.66,-7.05,-0.06,0.06,0.47
1969626,4.27,0.66,-7.05,-0.11,0.06,0.44
1969633,4.28,0.65,-7.05,-0.14,0.06,0.45
1969640,4.27,0.65,-7.04,-0.13,0.04,0.45
1969647,4.28,0.65,-7.03,-0.09,0.06,0.45
1969654,4.28,0.64,-7.04,-0.08,0.06,0.46
1969661,4.28,0.63,-7.04,-0.08,0.03,0.4
1969668,4.28,0.63,-7.04,-0.05,0.03,0.36
1969675,4.29,0.63,-7.04,-0.03,0.04,0.32
1969682,4.28,0.64,-7.03,0.02,0.06,0.3
1969689,4.29,0.64,-7.04,0.05,0.09,0.27
1969696,4.29,0.64,-7.04,0.05,0.07,0.26
1969703,4.28,0.64,-7.05,0.08,0.09,0.24
1969710,4.27,0.65,-7.05,0.07,0.09,0.23
1969717,4.27,0.65,-7.06,0.06,0.05,0.21
1969724,4.27,0.65,-7.06,0.08,0.03,0.21
1969731,4.26,0.66,-7.05,0.05,0.05,0.26
1969738,4.26,0.66,-7.05,0.01,0.04,0.3
1969745,4.26,0.66,-7.05,-0.04,0.04,0.34
1969752,4.27,0.66,-7.05,-0.06,0.03,0.36
1969760,4.27,0.65,-7.04,-0.1,0.03,0.46
1969767,4.27,0.65,-7.04,-0.11,0,0.46
1969774,4.28,0.66,-7.04,-0.11,-0.01,0.49
1969781,4.28,0.65,-7.04,-0.12,-0.01,0.49
1969788,4.29,0.65,-7.04,-0.12,-0.01,0.46
1969795,4.29,0.64,-7.04,-0.14,-0.02,0.42
1969802,4.29,0.64,-7.03,-0.11,0,0.41
1969809,4.29,0.64,-7.03,-0.07,0.05,0.36
1969816,4.29,0.64,-7.04,-0.01,0.06,0.32
1969823,4.28,0.64,-7.04,0.04,0.08,0.26
1969830,4.28,0.64,-7.04,0.06,0.09,0.25
1969837,4.28,0.65,-7.05,0.1,0.1,0.24
1969844,4.27,0.65,-7.04,0.13,0.09,0.2
1969851,4.27,0.65,-7.04,0.14,0.06,0.21
1969858,4.27,0.66,-7.04,0.13,0.05,0.25
1969865,4.27,0.66,-7.04,0.09,0.01,0.27
1969899,4.28,0.66,-7.03,-0.08,0,0.49
1969906,4.27,0.66,-7.03,-0.08,0,0.52
1969913,4.28,0.66,-7.03,-0.04,-0.01,0.46
1969920,4.28,0.65,-7.03,-0.02,-0.02,0.45
1969927,4.29,0.64,-7.03,0,-0.02,0.39
1969934,4.29,0.64,-7.03,0.03,-0.02,0.32
1969941,4.29,0.64,-7.03,0.06,0,0.28
1969948,4.29,0.64,-7.04,0.09,0.02,0.26
1969955,4.29,0.65,-7.04,0.11,0,0.27
1969962,4.29,0.65,-7.04,0.14,0,0.21
1969969,4.28,0.66,-7.04,0.12,0.03,0.18
1969976,4.28,0.66,-7.04,0.1,0.03,0.19
1969983,4.27,0.66,-7.04,0.08,0.02,0.19
1969990,4.27,0.67,-7.04,0.06,0.03,0.2
1969997,4.26,0.67,-7.04,0.05,0.03,0.27
1970004,4.26,0.67,-7.04,0.03,0.05,0.3
1970011,4.26,0.67,-7.04,-0.03,0.04,0.34
1970018,4.27,0.67,-7.04,-0.05,0.01,0.36
1970025,4.27,0.66,-7.04,-0.07,0,0.36
1970032,4.27,0.66,-7.04,-0.08,0.04,0.43
1970039,4.27,0.65,-7.03,-0.1,-0.01,0.43
1970046,4.27,0.65,-7.03,-0.13,-0.01,0.41
1970053,4.28,0.64,-7.03,-0.13,0.03,0.36
1970060,4.28,0.64,-7.03,-0.11,0.03,0.33
1970067,4.27,0.64,-7.03,-0.1,0,0.3
1970074,4.28,0.64,-7.04,-0.01,0.02,0.26
1970081,4.28,0.64,-7.04,0.01,0.03,0.23
1970088,4.27,0.64,-7.04,0.05,0.03,0.18
1970095,4.27,0.65,-7.04,0.07,0.06,0.14
1970102,4.27,0.65,-7.04,0.1,0.08,0.16
1970109,4.27,0.65,-7.04,0.11,0.09,0.19
1970116,4.27,0.65,-7.04,0.11,0.09,0.19
1970123,4.27,0.66,-7.04,0.08,0.11,0.26
1970130,4.27,0.66,-7.04,0.09,0.09,0.27
1970137,4.27,0.67,-7.04,0.06,0.06,0.29
1970144,4.27,0.67,-7.04,0.02,0.06,0.32
1970151,4.27,0.66,-7.04,-0.02,0.03,0.36
1970158,4.27,0.66,-7.04,-0.05,0.03,0.35
1970165,4.27,0.66,-7.04,-0.06,0.03,0.43
1970172,4.27,0.66,-7.03,-0.07,0.02,0.44
1970179,4.28,0.65,-7.03,-0.06,0.02,0.42
1970186,4.28,0.65,-7.03,-0.03,0.04,0.44
1970193,4.28,0.64,-7.03,-0.03,0.02,0.41
1970200,4.28,0.64,-7.03,-0.02,0.02,0.37
1970207,4.28,0.64,-7.03,0,0.01,0.32
1970214,4.28,0.65,-7.03,0.05,-0.01,0.26
1970221,4.28,0.65,-7.04,0.08,0,0.24
1970228,4.28,0.66,-7.03,0.08,0.04,0.22
1970235,4.29,0.66,-7.04,0.08,0.03,0.23
1970242,4.28,0.66,-7.04,0.08,0.06,0.23
1970249,4.28,0.66,-7.05,0.04,0.06,0.23
1970256,4.28,0.66,-7.05,0.04,0.06,0.24
1970263,4.28,0.66,-7.05,0.02,0.06,0.3
1970270,4.27,0.67,-7.05,-0.02,0.04,0.31
1970277,4.27,0.66,-7.05,-0.08,0.03,0.42
1970284,4.27,0.67,-7.05,-0.1,0.03,0.43
1970291,4.27,0.67,-7.05,-0.12,0,0.46
1970298,4.27,0.67,-7.05,-0.12,0,0.44
1970305,4.28,0.66,-7.05,-0.12,0.01,0.47
1970312,4.28,0.66,-7.05,-0.07,0,0.46
1970319,4.28,0.65,-7.05,-0.06,0,0.46
1970326,4.28,0.65,-7.05,-0.02,0.03,0.44
1970333,4.28,0.64,-7.04,0.01,0.03,0.38
1970340,4.27,0.64,-7.04,0.05,0.05,0.3
1970347,4.28,0.64,-7.04,0.07,0.03,0.27
1970381,4.27,0.66,-7.05,0.1,0.09,0.24
1970388,4.27,0.67,-7.05,0.05,0.05,0.23
1970395,4.27,0.67,-7.04,0,0.03,0.27
1970402,4.27,0.67,-7.04,-0.02,0,0.32
1970409,4.27,0.67,-7.04,-0.03,0,0.36
1970416,4.27,0.67,-7.03,-0.03,0,0.39
1970423,4.28,0.66,-7.04,-0.05,0.01,0.42
1970430,4.27,0.66,-7.04,-0.1,0.02,0.41
1970437,4.28,0.66,-7.04,-0.06,0.04,0.45
1970444,4.27,0.66,-7.04,-0.07,0.06,0.44
1970451,4.27,0.65,-7.04,-0.05,0.03,0.43
1970458,4.28,0.64,-7.04,-0.02,0.04,0.45
1970465,4.27,0.64,-7.04,0.02,0.05,0.4
1970472,4.28,0.64,-7.04,0.02,0.06,0.33
1970479,4.27,0.64,-7.04,0.05,0.05,0.3
1970486,4.27,0.63,-7.04,0.08,0.03,0.27
1970493,4.27,0.64,-7.04,0.1,0.06,0.25
1970500,4.26,0.65,-7.04,0.12,0.04,0.24
1970507,4.26,0.65,-7.04,0.08,0.03,0.21
1970514,4.26,0.66,-7.04,0.08,0.03,0.24
1970521,4.26,0.66,-7.04,0.04,0.03,0.25
1970528,4.25,0.66,-7.04,0.02,0.02,0.31
1970535,4.26,0.66,-7.05,0.01,0.01,0.36
1970542,4.27,0.66,-7.04,-0.02,0,0.39
1970549,4.27,0.66,-7.04,-0.07,0.01,0.42
1970556,4.27,0.66,-7.04,-0.08,0.01,0.46
1970563,4.28,0.66,-7.04,-0.09,0.03,0.44
1970570,4.28,0.66,-7.04,-0.09,0.03,0.46
1970577,4.28,0.66,-7.04,-0.08,0.04,0.44
1970584,4.28,0.65,-7.04,-0.07,0.02,0.42
1970591,4.29,0.65,-7.05,-0.04,0.03,0.38
1970598,4.28,0.64,-7.04,0.02,0.03,0.38
1970605,4.28,0.64,-7.03,0.07,0.02,0.32
1970612,4.28,0.64,-7.04,0.1,0.01,0.25
1970619,4.28,0.65,-7.04,0.08,0.01,0.23
1970626,4.27,0.65,-7.04,0.08,0.02,0.23
1970633,4.27,0.65,-7.04,0.08,0.03,0.2
1970640,4.27,0.66,-7.04,0.1,0.06,0.14
1970647,4.26,0.66,-7.04,0.08,0.03,0.17
1970654,4.27,0.66,-7.04,0.04,0.03,0.2
1970661,4.27,0.66,-7.04,0.02,0.06,0.27
1970668,4.27,0.67,-7.04,-0.02,0.03,0.33
1970675,4.27,0.66,-7.04,-0.08,0.06,0.37
1970682,4.27,0.66,-7.04,-0.11,0.07,0.43
1970689,4.27,0.66,-7.04,-0.12,0.02,0.46
1970696,4.27,0.65,-7.05,-0.11,0.01,0.45
1970703,4.27,0.65,-7.04,-0.11,0,0.47
1970710,4.28,0.64,-7.04,-0.11,0.02,0.47
1970717,4.28,0.65,-7.04,-0.14,0.03,0.42
1970724,4.28,0.64,-7.04,-0.09,0.06,0.39
1970731,4.28,0.64,-7.04,-0.07,0.07,0.38
1970738,4.28,0.64,-7.04,-0.05,0.06,0.36
1970745,4.28,0.65,-7.05,-0.01,0.06,0.32
1970752,4.27,0.65,-7.06,0.05,0.09,0.26
1970759,4.27,0.65,-7.05,0.1,0.09,0.26
1970766,4.27,0.66,-7.05,0.07,0.09,0.29
1970773,4.27,0.66,-7.05,0.07,0.06,0.26
1970780,4.26,0.66,-7.05,0.08,0.06,0.25
1970787,4.26,0.66,-7.05,0.05,0.03,0.29
1970794,4.26,0.66,-7.05,0.02,0.03,0.28
1970801,4.27,0.66,-7.04,0.01,0.03,0.31
1970808,4.26,0.66,-7.04,-0.02,0.03,0.36
1970815,4.27,0.66,-7.05,-0.05,0.01,0.39
1970822,4.27,0.66,-7.05,-0.07,0,0.36
1970829,4.27,0.66,-7.04,-0.08,0.03,0.44
1970836,4.27,0.65,-7.04,-0.07,0.06,0.43
1970870,4.29,0.64,-7.04,0,0.09,0.3
1970877,4.28,0.64,-7.04,0.02,0.1,0.26
1970884,4.28,0.65,-7.04,0.07,0.1,0.23
1970891,4.28,0.66,-7.04,0.05,0.07,0.24
1970898,4.27,0.66,-7.04,0.07,0.03,0.2
1970905,4.28,0.67,-7.04,0.07,0.02,0.21
1970912,4.28,0.67,-7.04,0.07,0.03,0.23
1970919,4.28,0.67,-7.03,0.06,0.02,0.27
1970926,4.27,0.68,-7.04,0.02,0.02,0.32
1970933,4.26,0.68,-7.04,-0.02,0.05,0.34
1970940,4.26,0.67,-7.04,-0.04,0.04,0.38
1970947,4.26,0.67,-7.05,-0.08,0.03,0.41
1970954,4.26,0.66,-7.05,-0.08,0.02,0.42
1970961,4.27,0.66,-7.05,-0.11,0,0.39
1970968,4.26,0.65,-7.05,-0.12,0.02,0.39
1970975,4.26,0.65,-7.05,-0.11,0.01,0.42
1970982,4.27,0.64,-7.05,-0.08,0.05,0.42
1970989,4.27,0.64,-7.04,-0.05,0.02,0.39
1970996,4.27,0.64,-7.04,-0.02,0,0.36
1971003,4.27,0.64,-7.04,-0.01,0.04,0.32
1971010,4.27,0.65,-7.03,0.02,0.04,0.28
1971017,4.27,0.65,-7.04,0.07,0.03,0.24
1971024,4.27,0.65,-7.04,0.06,0.04,0.23
1971031,4.26,0.65,-7.04,0.05,0.05,0.24
1971038,4.26,0.65,-7.05,0.03,0.03,0.24
1971045,4.25,0.66,-7.05,0.04,0.03,0.27
1971052,4.26,0.66,-7.05,0.01,0.05,0.33
1971059,4.26,0.66,-7.05,-0.04,0.03,0.3
1971066,4.26,0.66,-7.04,-0.04,0.03,0.29
1971073,4.27,0.65,-7.04,-0.04,0.02,0.36
1971080,4.27,0.65,-7.04,-0.07,-0.01,0.41
1971087,4.27,0.65,-7.04,-0.08,-0.03,0.46
1971094,4.27,0.65,-7.04,-0.09,-0.06,0.49
1971101,4.27,0.65,-7.04,-0.08,-0.06,0.51
1971108,4.27,0.65,-7.04,-0.09,-0.04,0.49
1971115,4.27,0.65,-7.04,-0.07,-0.01,0.44
1971122,4.27,0.64,-7.04,-0.04,0.01,0.38
1971129,4.28,0.64,-7.04,-0.02,0.01,0.35
1971136,4.28,0.64,-7.04,0.03,-0.01,0.34
1971143,4.28,0.64,-7.04,0.04,0,0.3
1971150,4.29,0.64,-7.04,0.05,0.01,0.24
1971157,4.28,0.64,-7.04,0.04,0.06,0.26
1971164,4.28,0.65,-7.04,0.06,0.02,0.23
1971171,4.27,0.65,-7.04,0.06,-0.01,0.2
1971178,4.27,0.66,-7.04,0.05,0.01,0.23
1971185,4.27,0.66,-7.05,0.02,0.02,0.26
1971192,4.27,0.66,-7.04,0,0.02,0.3
1971199,4.27,0.66,-7.05,-0.04,0.06,0.32
1971206,4.26,0.66,-7.05,-0.05,0.06,0.34
1971213,4.27,0.66,-7.05,-0.08,0.06,0.41
1971220,4.27,0.65,-7.05,-0.11,0.06,0.42
1971227,4.27,0.65,-7.04,-0.14,0.04,0.42
1971234,4.28,0.64,-7.04,-0.14,0.04,0.42
1971241,4.28,0.64,-7.04,-0.14,0.02,0.46
1971248,4.28,0.64,-7.04,-0.11,0.03,0.43
1971255,4.28,0.64,-7.04,-0.08,0,0.41
1971262,4.28,0.64,-7.04,-0.05,0,0.37
1971269,4.28,0.64,-7.04,0,0,0.31
1971276,4.28,0.64,-7.03,0.01,0.02,0.28
1971283,4.28,0.65,-7.03,0.05,0.02,0.25
1971290,4.28,0.65,-7.04,0.05,0.04,0.23
1971297,4.28,0.66,-7.05,0.08,0.06,0.23
1971304,4.29,0.66,-7.05,0.08,0.06,0.2
1971311,4.27,0.66,-7.05,0.04,0.06,0.24
1971318,4.27,0.67,-7.05,0.05,0.05,0.26
1971352,4.27,0.66,-7.04,-0.07,0.02,0.49
1971359,4.28,0.65,-7.05,-0.07,0,0.49
1971366,4.28,0.65,-7.05,-0.06,-0.02,0.48
1971373,4.28,0.64,-7.04,-0.06,-0.02,0.47
1971380,4.27,0.64,-7.04,-0.05,-0.02,0.43
1971387,4.28,0.64,-7.03,-0.04,0,0.37
1971394,4.28,0.64,-7.03,-0.02,0,0.38
1971401,4.27,0.63,-7.03,0.02,0.03,0.33
1971408,4.27,0.63,-7.03,0.03,0.01,0.26
1971415,4.27,0.63,-7.03,0.04,0.05,0.24
1971422,4.28,0.63,-7.03,-0.01,0.03,0.26
1971429,4.28,0.64,-7.04,0,0.02,0.24
1971436,4.27,0.65,-7.03,0.04,0,0.21
1971443,4.28,0.65,-7.04,0.05,-0.03,0.17
1971450,4.28,0.66,-7.04,0,-0.02,0.23
1971457,4.28,0.66,-7.04,-0.03,0,0.25
1971464,4.27,0.66,-7.05,-0.05,0.02,0.3
1971471,4.27,0.66,-7.05,-0.06,0.05,0.34
1971478,4.27,0.66,-7.05,-0.08,0.05,0.4
1971485,4.28,0.66,-7.05,-0.11,0.05,0.4
1971492,4.27,0.65,-7.05,-0.09,0.03,0.42
1971499,4.27,0.65,-7.05,-0.09,0.06,0.42
1971506,4.28,0.64,-7.05,-0.1,0.06,0.42
1971513,4.28,0.65,-7.05,-0.09,0.03,0.41
1971520,4.28,0.65,-7.04,-0.07,0.02,0.39
1971527,4.28,0.65,-7.03,-0.05,0.03,0.34
1971534,4.28,0.65,-7.03,-0.01,0.06,0.38
1971541,4.29,0.65,-7.03,0.02,0.06,0.38
1971548,4.29,0.65,-7.04,0.05,0.06,0.34
1971555,4.28,0.66,-7.04,0.08,0.06,0.31
1971562,4.28,0.65,-7.04,0.08,0.06,0.29
1971569,4.27,0.66,-7.04,0.09,0.06,0.27
1971576,4.27,0.66,-7.04,0.08,0.03,0.28
1971583,4.27,0.67,-7.04,0.09,-0.01,0.3
1971590,4.27,0.67,-7.04,0.05,0.03,0.34
1971597,4.27,0.67,-7.04,0.02,0.06,0.36
1971604,4.27,0.66,-7.05,-0.02,0.03,0.36
1971611,4.28,0.66,-7.05,-0.02,0.03,0.37
1971618,4.28,0.66,-7.04,-0.01,0.02,0.42
1971625,4.27,0.66,-7.04,0.01,0.03,0.42
1971632,4.28,0.66,-7.05,-0.02,0.02,0.42
1971639,4.28,0.65,-7.04,-0.03,0.01,0.39
1971646,4.28,0.64,-7.04,-0.04,0.04,0.4
1971653,4.28,0.65,-7.04,-0.04,0.03,0.33
1971660,4.28,0.65,-7.04,-0.02,0,0.31
1971667,4.29,0.65,-7.04,0,0.03,0.27
1971674,4.28,0.66,-7.04,-0.01,0.03,0.28
1971681,4.28,0.66,-7.04,0.02,0.05,0.28
1971688,4.28,0.66,-7.04,0.05,0.05,0.28
1971695,4.28,0.67,-7.04,0.04,0.03,0.3
1971702,4.28,0.67,-7.04,0.02,0,0.29
1971709,4.28,0.67,-7.04,0.02,0.03,0.27
1971716,4.28,0.67,-7.05,0.03,0,0.3
1971723,4.28,0.67,-7.05,0,0.01,0.31
1971730,4.28,0.67,-7.04,-0.02,0.04,0.35
1971737,4.27,0.67,-7.04,-0.04,0.06,0.39
1971744,4.28,0.66,-7.04,-0.05,0.06,0.41
1971751,4.28,0.66,-7.03,-0.03,0.06,0.46
1971758,4.28,0.65,-7.03,-0.06,0.01,0.49
1971765,4.28,0.66,-7.03,-0.05,0.01,0.49
1971772,4.29,0.66,-7.03,-0.03,0,0.46
1971779,4.28,0.66,-7.03,-0.05,0,0.45
1971786,4.29,0.66,-7.04,-0.06,0,0.39
1971793,4.28,0.65,-7.03,-0.01,0.02,0.32
1971801,4.28,0.66,-7.03,-0.02,0.03,0.3
1971838,4.28,0.67,-7.03,0.08,0.03,0.23
1971845,4.28,0.67,-7.03,0.07,0.02,0.25
1971852,4.27,0.68,-7.04,0.02,0,0.28
1971859,4.27,0.68,-7.04,-0.01,0.03,0.35
1971866,4.27,0.68,-7.04,-0.02,0.05,0.36
1971873,4.28,0.68,-7.03,0,0.03,0.42
1971880,4.28,0.67,-7.04,-0.02,0.01,0.4
1971887,4.28,0.67,-7.04,-0.05,-0.02,0.41
1971894,4.28,0.66,-7.03,-0.05,0,0.41
1971901,4.28,0.65,-7.04,-0.05,0,0.41
1971908,4.28,0.65,-7.03,-0.03,0.02,0.42
1971915,4.28,0.65,-7.03,-0.05,0.01,0.37
1971922,4.29,0.65,-7.03,-0.03,0.01,0.39
1971929,4.29,0.65,-7.03,-0.04,0.01,0.35
1971936,4.28,0.65,-7.03,0,0.03,0.3
1971943,4.28,0.65,-7.04,0.06,0.03,0.23
1971950,4.28,0.65,-7.04,0.07,0.05,0.22
1971957,4.28,0.65,-7.04,0.07,0.05,0.22
1971964,4.28,0.66,-7.05,0.06,0.05,0.23
1971971,4.28,0.66,-7.05,0.06,0.03,0.23
1971978,4.28,0.66,-7.05,0.03,0.03,0.26
1971985,4.27,0.67,-7.06,-0.01,0.02,0.33
1971992,4.28,0.66,-7.06,-0.02,0,0.36
1971999,4.28,0.66,-7.06,-0.03,-0.01,0.39
1972006,4.28,0.66,-7.06,-0.09,0.02,0.41
1972013,4.27,0.66,-7.05,-0.11,0.03,0.38
1972020,4.27,0.66,-7.05,-0.11,0.04,0.4
1972027,4.27,0.66,-7.04,-0.11,0.04,0.41
1972034,4.27,0.65,-7.04,-0.1,0.03,0.41
1972041,4.28,0.65,-7.05,-0.07,0,0.4
1972048,4.27,0.65,-7.04,-0.05,0,0.35
1972055,4.27,0.65,-7.04,0,0.01,0.34
1972062,4.27,0.65,-7.04,0.01,0.03,0.3
1972069,4.27,0.66,-7.03,0.05,0.04,0.29
1972076,4.27,0.66,-7.04,0.07,0.01,0.28
1972083,4.26,0.66,-7.04,0.09,0,0.26
1972090,4.27,0.66,-7.04,0.08,-0.01,0.3
1972097,4.28,0.66,-7.04,0.05,0,0.3
1972104,4.28,0.67,-7.03,0.04,0.02,0.27
1972111,4.28,0.67,-7.04,0.03,0.03,0.3
1972118,4.28,0.67,-7.05,0.01,0,0.32
1972125,4.28,0.67,-7.05,-0.01,0,0.34
1972132,4.28,0.66,-7.05,-0.01,-0.02,0.35
1972139,4.28,0.66,-7.05,-0.05,0,0.43
1972146,4.28,0.66,-7.05,-0.07,0,0.39
1972153,4.28,0.66,-7.04,-0.07,-0.04,0.38
1972160,4.27,0.65,-7.04,-0.06,-0.01,0.36
1972167,4.27,0.65,-7.04,-0.05,0,0.35
1972174,4.27,0.65,-7.04,-0.06,0.01,0.35
1972181,4.27,0.65,-7.04,-0.05,0.01,0.33
1972188,4.27,0.65,-7.04,-0.02,0,0.35
1972195,4.27,0.65,-7.04,0.01,0.02,0.31
1972202,4.27,0.65,-7.04,0.05,0.04,0.3
1972209,4.28,0.65,-7.04,0.03,0,0.3
1972216,4.27,0.66,-7.04,0.02,-0.01,0.23
1972223,4.27,0.65,-7.04,0.04,-0.02,0.24
1972230,4.27,0.65,-7.03,0.06,0.04,0.27
1972237,4.27,0.65,-7.03,0.05,0.04,0.24
1972244,4.27,0.65,-7.03,0.02,0.02,0.27
1972251,4.27,0.66,-7.04,-0.01,0.04,0.33
1972258,4.27,0.66,-7.04,0,0.02,0.36
1972265,4.27,0.65,-7.04,-0.02,0.02,0.34
1972272,4.27,0.66,-7.04,-0.03,0.02,0.39
1972279,4.27,0.66,-7.05,-0.04,0.03,0.42
1972286,4.28,0.65,-7.06,-0.05,0.07,0.39
1972293,4.27,0.65,-7.04,-0.05,0.07,0.33
1972328,4.28,0.65,-7.04,0.04,0.06,0.38
1972335,4.27,0.64,-7.04,0.05,0.06,0.39
1972342,4.28,0.65,-7.04,0.06,0.04,0.39
1972349,4.27,0.65,-7.04,0.04,0.06,0.33
1972356,4.27,0.65,-7.03,0.03,0.08,0.3
1972363,4.28,0.66,-7.03,0.02,0.08,0.33
1972370,4.28,0.66,-7.03,0.02,0.09,0.3
1972377,4.27,0.66,-7.03,0.02,0.06,0.34
1972384,4.26,0.67,-7.03,0.01,0.05,0.39
1972391,4.27,0.66,-7.03,0,0.08,0.42
1972398,4.28,0.66,-7.03,-0.04,0.07,0.4
1972405,4.27,0.66,-7.03,-0.06,0.02,0.39
1972412,4.27,0.65,-7.03,-0.07,0.01,0.4
1972419,4.28,0.65,-7.03,-0.08,0.01,0.43
1972426,4.28,0.65,-7.04,-0.08,0.01,0.42
1972433,4.28,0.65,-7.05,-0.07,0.02,0.43
1972440,4.28,0.65,-7.05,-0.05,0.01,0.43
1972447,4.28,0.65,-7.04,-0.03,-0.01,0.41
1972454,4.29,0.65,-7.04,-0.04,-0.03,0.33
1972461,4.28,0.65,-7.04,-0.02,-0.01,0.32
1972468,4.28,0.66,-7.04,0.05,0.04,0.26
1972475,4.28,0.65,-7.05,0.02,0.04,0.25
1972482,4.29,0.66,-7.05,0.03,0.04,0.24
1972489,4.28,0.66,-7.04,0.07,0.01,0.22
1972496,4.28,0.66,-7.04,0.05,0.03,0.23
1972503,4.29,0.67,-7.04,0.05,0.03,0.23
1972510,4.28,0.67,-7.04,0.04,0.03,0.25
1972517,4.28,0.67,-7.04,0,0.04,0.3
1972524,4.29,0.67,-7.04,-0.01,0.04,0.34
1972531,4.28,0.67,-7.04,-0.01,0.04,0.34
1972538,4.29,0.67,-7.05,0.02,0.03,0.39
1972545,4.28,0.66,-7.04,0,0.02,0.38
1972552,4.29,0.66,-7.04,-0.03,-0.02,0.38
1972559,4.29,0.65,-7.04,-0.04,-0.02,0.39
1972566,4.29,0.65,-7.04,-0.02,0,0.39
1972573,4.29,0.65,-7.04,-0.02,0.03,0.42
1972580,4.29,0.64,-7.04,-0.01,0.02,0.39
1972587,4.28,0.65,-7.04,0.01,0,0.36
1972594,4.28,0.64,-7.04,0,0.03,0.33
1972601,4.27,0.64,-7.05,0.06,0.04,0.31
1972608,4.28,0.65,-7.05,0.07,0.04,0.3
1972615,4.28,0.65,-7.05,0.09,0.04,0.31
1972622,4.28,0.65,-7.05,0.1,0.02,0.3
1972629,4.27,0.65,-7.05,0.09,0.03,0.33
1972636,4.27,0.66,-7.04,0.06,0.01,0.3
1972643,4.27,0.66,-7.04,0.02,0.02,0.33
1972650,4.27,0.66,-7.03,0.01,-0.02,0.35
1972657,4.26,0.66,-7.04,0,-0.01,0.34
1972664,4.27,0.66,-7.04,-0.02,-0.02,0.38
1972671,4.27,0.65,-7.04,-0.05,0.01,0.39
1972678,4.27,0.66,-7.03,-0.08,0.01,0.4
1972685,4.27,0.66,-7.04,-0.08,0.03,0.4
1972692,4.28,0.65,-7.04,-0.09,0.02,0.38
1972699,4.28,0.65,-7.04,-0.1,0,0.37
1972706,4.28,0.65,-7.05,-0.08,0.01,0.38
1972713,4.28,0.65,-7.04,-0.07,0.03,0.36
1972720,4.27,0.65,-7.04,-0.05,0.04,0.33
1972727,4.28,0.65,-7.04,-0.03,0.04,0.31
1972734,4.28,0.66,-7.04,-0.02,0.05,0.32
1972741,4.27,0.66,-7.04,0.02,0.05,0.34
1972748,4.27,0.66,-7.04,0.04,0.05,0.3
1972755,4.27,0.66,-7.04,0.02,0.06,0.27
1972762,4.27,0.66,-7.04,0.02,0.02,0.3
1972769,4.28,0.66,-7.03,-0.02,0.02,0.3
1972776,4.27,0.66,-7.03,-0.02,0.03,0.3
1972810,4.27,0.66,-7.05,-0.05,0.03,0.37
1972817,4.27,0.65,-7.05,-0.03,0.02,0.41
1972824,4.27,0.65,-7.05,-0.07,0.03,0.39
1972831,4.28,0.64,-7.05,-0.09,0,0.39
1972838,4.28,0.64,-7.04,-0.07,0.03,0.39
1972845,4.29,0.64,-7.04,-0.05,0.03,0.4
1972852,4.28,0.64,-7.05,-0.05,0.02,0.38
1972859,4.28,0.64,-7.04,-0.04,0.06,0.36
1972866,4.28,0.65,-7.04,0.02,0.04,0.33
1972873,4.29,0.65,-7.04,0.02,0.05,0.3
1972880,4.28,0.65,-7.04,0.04,0.06,0.31
1972887,4.28,0.65,-7.04,0.05,0.03,0.3
1972894,4.28,0.65,-7.04,0.01,0.03,0.32
1972901,4.28,0.66,-7.04,0,0.03,0.33
1972908,4.27,0.66,-7.04,0.01,0.04,0.33
1972915,4.27,0.66,-7.04,0.05,0.02,0.31
1972922,4.27,0.66,-7.04,0.03,0.03,0.32
1972929,4.27,0.66,-7.04,0.02,0.01,0.35
1972936,4.27,0.66,-7.05,0.02,0.01,0.34
1972943,4.27,0.66,-7.05,0.02,0,0.36
1972950,4.27,0.66,-7.04,-0.02,-0.01,0.4
1972957,4.28,0.65,-7.04,-0.02,0.02,0.41
1972964,4.28,0.65,-7.04,-0.02,0.01,0.39
1972971,4.29,0.65,-7.03,-0.02,0.01,0.39
1972978,4.29,0.65,-7.04,-0.01,-0.01,0.38
1972985,4.28,0.65,-7.03,-0.02,0.02,0.39
1972992,4.28,0.65,-7.03,0.02,0,0.39
1972999,4.28,0.64,-7.03,0.02,0.04,0.37
1973006,4.28,0.66,-7.04,0.04,0.03,0.43
1973013,4.27,0.66,-7.03,0.02,0.06,0.37
1973020,4.28,0.66,-7.04,0.02,0.05,0.34
1973027,4.28,0.67,-7.04,0.03,0.06,0.39
1973034,4.28,0.67,-7.05,0,0.06,0.4
1973041,4.28,0.67,-7.05,-0.02,0.05,0.42
1973048,4.28,0.67,-7.04,-0.03,0.04,0.44
1973055,4.28,0.67,-7.05,-0.03,0.05,0.43
1973062,4.28,0.67,-7.04,0.01,0.07,0.43
1973069,4.29,0.67,-7.04,-0.03,0.06,0.45
1973076,4.29,0.66,-7.04,-0.06,0.06,0.42
1973083,4.29,0.66,-7.03,-0.08,0.06,0.39
1973090,4.29,0.66,-7.02,-0.08,0.06,0.41
1973097,4.28,0.65,-7.03,-0.07,0.07,0.4
1973104,4.29,0.66,-7.03,-0.03,0.06,0.4
1973111,4.29,0.65,-7.03,0,0.05,0.37
1973118,4.29,0.65,-7.03,-0.02,0.06,0.35
1973125,4.29,0.66,-7.03,-0.01,0.02,0.35
1973132,4.29,0.66,-7.03,0.04,0.03,0.31
1973139,4.28,0.66,-7.04,0.05,0.06,0.29
1973146,4.28,0.66,-7.04,0.08,0.02,0.29
1973160,4.28,0.66,-7.04,0.08,0.03,0.26
1973167,4.27,0.66,-7.04,0.07,0.03,0.27
1973174,4.27,0.67,-7.05,0.06,0.03,0.27
1973181,4.28,0.67,-7.05,0.04,0.03,0.29
1973188,4.27,0.67,-7.04,0.02,0.02,0.35
1973195,4.27,0.67,-7.04,0.01,0.03,0.37
1973202,4.28,0.67,-7.04,0.02,0.03,0.38
1973209,4.28,0.66,-7.04,0.02,0.03,0.4
1973216,4.28,0.66,-7.04,0.01,0.01,0.39
1973223,4.28,0.66,-7.03,0.01,0,0.42
1973230,4.28,0.65,-7.04,0,0.03,0.42
1973237,4.28,0.66,-7.04,-0.01,0.03,0.39
1973244,4.28,0.66,-7.04,0,0.03,0.37
1973251,4.28,0.65,-7.04,-0.02,0.02,0.35
1973258,4.28,0.65,-7.04,-0.01,0.01,0.33
1973265,4.28,0.65,-7.04,0.02,0.04,0.31
1973299,4.27,0.66,-7.05,-0.02,0.01,0.3
1973306,4.27,0.67,-7.04,-0.02,0.03,0.33
1973313,4.27,0.66,-7.05,-0.02,0.03,0.37
1973320,4.27,0.66,-7.05,-0.01,0,0.39
1973327,4.27,0.66,-7.05,-0.05,0,0.4
1973334,4.27,0.67,-7.04,-0.09,0,0.42
1973341,4.27,0.66,-7.04,-0.1,-0.01,0.45
1973348,4.27,0.66,-7.04,-0.1,0.01,0.46
1973355,4.27,0.66,-7.04,-0.06,0,0.44
1973362,4.27,0.66,-7.04,-0.06,0,0.44
1973369,4.27,0.66,-7.03,-0.08,0,0.41
1973376,4.27,0.66,-7.04,-0.07,-0.02,0.37
1973383,4.28,0.66,-7.04,-0.05,-0.01,0.36
1973390,4.28,0.66,-7.04,0,0.03,0.32
1973397,4.28,0.65,-7.04,0.05,0.02,0.32
1973404,4.28,0.65,-7.05,0.05,0.01,0.32
1973411,4.27,0.65,-7.05,0.07,0.02,0.27
1973418,4.27,0.65,-7.05,0.05,0.03,0.28
1973425,4.28,0.66,-7.04,0.05,0.07,0.26
1973432,4.27,0.66,-7.04,0.02,0.06,0.31
1973439,4.28,0.66,-7.05,0.01,0.06,0.29
1973446,4.28,0.66,-7.04,0,0.06,0.31
1973453,4.28,0.66,-7.04,-0.02,0.04,0.29
1973460,4.28,0.66,-7.04,-0.01,0.04,0.35
1973467,4.27,0.66,-7.04,-0.03,0.03,0.35
1973474,4.27,0.66,-7.04,-0.02,0.03,0.38
1973481,4.28,0.66,-7.05,-0.07,0.02,0.38
1973488,4.27,0.66,-7.04,-0.05,0.03,0.37
1973495,4.27,0.66,-7.04,-0.06,0,0.37
1973502,4.28,0.66,-7.04,-0.06,0,0.36
1973509,4.28,0.66,-7.04,-0.05,0,0.37
1973516,4.29,0.66,-7.03,-0.04,0.03,0.37
1973523,4.28,0.66,-7.03,-0.02,0,0.36
1973530,4.28,0.66,-7.03,0,-0.03,0.35
1973537,4.29,0.66,-7.03,0.03,-0.03,0.32
1973544,4.29,0.66,-7.03,0.03,-0.04,0.27
1973551,4.28,0.67,-7.03,-0.02,-0.03,0.28
1973558,4.28,0.66,-7.03,-0.03,-0.03,0.27
1973565,4.27,0.66,-7.03,-0.02,-0.02,0.3
1973572,4.27,0.67,-7.04,-0.02,0,0.31
1973579,4.27,0.66,-7.04,-0.05,0.03,0.33
1973586,4.27,0.66,-7.04,-0.02,0.01,0.36
1973593,4.27,0.66,-7.03,-0.05,0.03,0.36
1973600,4.27,0.66,-7.03,-0.08,0.06,0.38
1973607,4.27,0.66,-7.04,-0.08,0.06,0.36
1973614,4.28,0.66,-7.04,-0.05,0.05,0.43
1973621,4.27,0.66,-7.04,-0.08,0.03,0.45
1973628,4.28,0.66,-7.04,-0.08,0.08,0.45
1973635,4.28,0.66,-7.04,-0.06,0.05,0.37
1973642,4.28,0.66,-7.03,-0.05,0.05,0.31
1973649,4.29,0.66,-7.03,-0.04,0.02,0.3
1973656,4.28,0.65,-7.03,-0.01,0.03,0.31
1973663,4.28,0.65,-7.03,-0.02,0.03,0.3
1973670,4.28,0.65,-7.03,-0.01,0.02,0.27
1973677,4.28,0.65,-7.05,0.02,0.01,0.29
1973684,4.28,0.66,-7.05,0.03,0.03,0.26
1973691,4.28,0.66,-7.05,0.02,0.06,0.26
1973698,4.28,0.66,-7.05,0,0.05,0.25
1973705,4.28,0.66,-7.05,0,0.03,0.29
1973712,4.28,0.66,-7.05,-0.03,0.03,0.33
1973719,4.28,0.66,-7.04,-0.03,0.01,0.35
1973726,4.28,0.66,-7.04,-0.04,0.04,0.38
1973733,4.28,0.66,-7.04,-0.04,0.03,0.41
1973740,4.28,0.65,-7.05,-0.07,0.01,0.39
1973747,4.28,0.65,-7.04,-0.05,0,0.4
1973781,4.28,0.65,-7.04,-0.01,0.02,0.35
1973788,4.28,0.65,-7.05,0.02,0.01,0.36
1973795,4.28,0.65,-7.05,0.02,0.03,0.36
1973802,4.28,0.66,-7.04,0.04,0.03,0.35
1973810,4.28,0.66,-7.04,0.02,0.05,0.31
1973817,4.27,0.66,-7.04,0.04,0,0.32
1973824,4.27,0.66,-7.03,0,0,0.35
1973831,4.27,0.66,-7.03,0,-0.02,0.34
1973838,4.27,0.66,-7.04,-0.02,0.04,0.36
1973845,4.27,0.66,-7.04,-0.04,0.03,0.36
1973852,4.27,0.66,-7.03,-0.04,0.02,0.34
1973859,4.27,0.66,-7.03,-0.03,0.04,0.36
1973866,4.28,0.66,-7.04,-0.04,0.06,0.41
1973873,4.28,0.66,-7.04,-0.07,0.06,0.42
1973880,4.28,0.66,-7.03,-0.08,0.06,0.42
1973887,4.28,0.65,-7.03,-0.08,0.06,0.4
1973894,4.29,0.65,-7.03,-0.08,0.06,0.42
1973901,4.29,0.65,-7.03,-0.05,0.06,0.42
1973908,4.29,0.65,-7.04,-0.02,0.03,0.42
1973915,4.28,0.65,-7.05,0,0.05,0.4
1973922,4.28,0.65,-7.04,0.02,0.03,0.38
1973929,4.28,0.65,-7.04,0.04,0.04,0.36
1973936,4.28,0.64,-7.03,0.05,0.05,0.33
1973943,4.27,0.65,-7.03,0.04,0.03,0.31
1973950,4.28,0.66,-7.04,0.05,0.04,0.35
1973957,4.27,0.66,-7.04,0.05,0.03,0.36
1973964,4.27,0.66,-7.04,0.04,0.03,0.33
1973971,4.28,0.66,-7.04,0.05,0.05,0.33
1973978,4.28,0.66,-7.04,0.02,0,0.34
1973985,4.28,0.66,-7.04,-0.02,0.01,0.37
1973992,4.27,0.67,-7.04,-0.03,0.02,0.38
1973999,4.27,0.66,-7.04,-0.05,0,0.39
1974006,4.28,0.66,-7.04,-0.05,0.01,0.42
1974013,4.28,0.65,-7.04,-0.06,0.02,0.42
1974020,4.28,0.65,-7.04,-0.07,0.04,0.42
1974027,4.28,0.66,-7.05,-0.05,0.05,0.41
1974034,4.28,0.66,-7.04,-0.02,0.06,0.43
1974041,4.28,0.65,-7.04,-0.02,0.05,0.37
1974048,4.28,0.65,-7.03,0,0.05,0.36
1974055,4.28,0.66,-7.04,-0.01,0.04,0.36
1974062,4.28,0.65,-7.04,-0.02,0.02,0.34
1974069,4.29,0.65,-7.04,-0.02,0.02,0.3
1974076,4.29,0.65,-7.04,-0.02,0.01,0.3
1974083,4.29,0.65,-7.04,-0.02,-0.02,0.31
1974090,4.29,0.66,-7.03,0,0,0.34
1974097,4.28,0.66,-7.03,0.01,0.02,0.32
1974104,4.28,0.66,-7.03,0,0.05,0.32
1974111,4.28,0.66,-7.04,0,0,0.33
1974118,4.28,0.66,-7.03,-0.05,-0.02,0.3
1974125,4.28,0.66,-7.04,-0.03,-0.01,0.35
1974132,4.28,0.67,-7.03,-0.05,0.01,0.39
1974139,4.28,0.67,-7.03,-0.05,0.03,0.42
1974146,4.29,0.67,-7.04,-0.06,0.03,0.41
1974153,4.28,0.66,-7.03,-0.05,0.03,0.33
1974160,4.28,0.66,-7.03,-0.01,0.02,0.34
1974167,4.28,0.66,-7.03,0,0.01,0.36
1974174,4.28,0.65,-7.03,0,0.01,0.36
1974181,4.28,0.65,-7.04,-0.02,0.01,0.36
1974188,4.27,0.65,-7.03,-0.01,0.01,0.33
1974195,4.27,0.65,-7.03,0.02,0.06,0.33
1974202,4.27,0.66,-7.03,0.02,0.06,0.32
1974209,4.27,0.66,-7.03,0.03,0.06,0.31
1974216,4.27,0.66,-7.03,0.02,0.04,0.32
1974223,4.27,0.66,-7.03,0.01,0.03,0.29
1974230,4.26,0.66,-7.03,0.02,0,0.31
1974264,4.26,0.66,-7.04,-0.02,0,0.39
1974271,4.26,0.66,-7.04,-0.02,0,0.38
1974278,4.27,0.65,-7.04,-0.02,0.01,0.39
1974285,4.27,0.65,-7.05,0,-0.02,0.37
1974292,4.28,0.65,-7.04,-0.03,-0.04,0.37
1974299,4.28,0.65,-7.04,-0.03,-0.04,0.37
1974306,4.28,0.65,-7.04,-0.02,-0.04,0.33
1974313,4.28,0.65,-7.04,0.02,-0.06,0.28
1974320,4.29,0.65,-7.04,0.02,-0.03,0.28
1974327,4.28,0.65,-7.03,0.03,0,0.25
1974334,4.28,0.65,-7.04,0.01,-0.01,0.24
1974341,4.28,0.66,-7.04,0.04,0,0.29
1974348,4.28,0.66,-7.04,0.05,0,0.29
1974355,4.28,0.65,-7.04,0,0.02,0.33
1974362,4.28,0.65,-7.04,-0.02,0,0.31
1974369,4.28,0.65,-7.04,-0.01,0.04,0.33
1974376,4.28,0.66,-7.04,-0.02,0.04,0.38
1974383,4.27,0.66,-7.04,-0.05,0.06,0.36
1974390,4.27,0.66,-7.04,-0.07,0.07,0.35
1974397,4.27,0.66,-7.04,-0.07,0.07,0.36
1974404,4.28,0.66,-7.04,-0.07,0.09,0.37
1974411,4.28,0.65,-7.04,-0.06,0.09,0.36
1974418,4.28,0.66,-7.03,-0.05,0.06,0.33
1974425,4.27,0.66,-7.04,-0.05,0.06,0.33
1974432,4.27,0.66,-7.04,-0.05,0.04,0.29
1974439,4.28,0.66,-7.04,-0.01,0.04,0.33
1974446,4.28,0.65,-7.04,0,0.06,0.33
1974453,4.28,0.65,-7.04,0.01,0.07,0.36
1974460,4.28,0.66,-7.04,0.02,0.08,0.36
1974467,4.28,0.66,-7.04,0.02,0.07,0.35
1974474,4.28,0.66,-7.04,0.02,0.08,0.33
1974481,4.28,0.66,-7.04,0.01,0.05,0.33
1974488,4.27,0.66,-7.04,-0.05,0.07,0.3
1974495,4.28,0.65,-7.04,-0.02,0.03,0.3
1974502,4.27,0.66,-7.04,0,0.02,0.32
1974509,4.27,0.66,-7.04,-0.03,0,0.32
1974516,4.27,0.66,-7.04,-0.06,-0.03,0.32
1974523,4.27,0.66,-7.04,-0.04,0,0.29
1974530,4.27,0.66,-7.04,-0.05,-0.02,0.31
1974537,4.27,0.65,-7.04,-0.05,0.01,0.36
1974544,4.28,0.65,-7.04,-0.08,0.03,0.35
1974551,4.27,0.65,-7.04,-0.02,0.06,0.36
1974558,4.27,0.65,-7.04,0,0.04,0.37
1974565,4.27,0.65,-7.04,0,0.03,0.36
1974572,4.28,0.66,-7.03,-0.02,0.02,0.33
1974579,4.28,0.66,-7.03,-0.04,0.03,0.34
1974586,4.28,0.66,-7.03,0.01,0.03,0.3
1974593,4.27,0.65,-7.03,0.03,0.05,0.31
1974600,4.27,0.66,-7.03,-0.01,0.06,0.3
1974607,4.28,0.66,-7.03,0,0.05,0.3
1974614,4.27,0.66,-7.03,-0.02,0.05,0.32
1974621,4.28,0.66,-7.04,0,0.06,0.34
1974628,4.28,0.66,-7.03,-0.02,0.09,0.33
1974635,4.28,0.66,-7.03,0,0.06,0.31
1974642,4.28,0.67,-7.03,0,0.05,0.31
1974649,4.27,0.67,-7.03,-0.02,0.05,0.33
1974656,4.28,0.66,-7.04,-0.03,0.03,0.35
1974663,4.28,0.66,-7.03,-0.02,0.01,0.34
1974670,4.28,0.66,-7.03,-0.02,0.03,0.39
1974677,4.28,0.66,-7.03,-0.03,0.02,0.41
1974684,4.28,0.66,-7.03,-0.04,0.02,0.42
1974691,4.28,0.66,-7.03,-0.03,0.05,0.39
1974698,4.28,0.66,-7.03,-0.01,0.03,0.39
1974705,4.28,0.66,-7.03,0.01,0,0.38
1974712,4.28,0.66,-7.03,-0.02,0,0.33
1974746,4.28,0.66,-7.04,-0.06,0.06,0.29
1974753,4.27,0.66,-7.04,-0.05,0.04,0.32
1974760,4.27,0.66,-7.04,-0.06,0.06,0.33
1974767,4.27,0.66,-7.04,-0.05,0.06,0.31
1974774,4.27,0.66,-7.04,-0.05,0.03,0.31
1974781,4.27,0.66,-7.04,-0.07,0.03,0.37
1974788,4.27,0.66,-7.05,-0.08,0.03,0.35
1974795,4.28,0.66,-7.04,-0.05,0.02,0.35
1974802,4.27,0.66,-7.04,-0.05,0.02,0.37
1974809,4.27,0.66,-7.04,-0.09,0.03,0.34
1974816,4.27,0.66,-7.05,-0.08,0.04,0.34
1974823,4.27,0.66,-7.05,-0.06,0.06,0.36
1974830,4.27,0.65,-7.04,-0.04,0.04,0.34
1974837,4.27,0.66,-7.04,-0.04,0.03,0.34
1974844,4.27,0.65,-7.04,-0.02,-0.01,0.27
1974851,4.28,0.65,-7.04,0,0,0.25
1974858,4.27,0.66,-7.04,-0.01,-0.02,0.3
1974865,4.28,0.66,-7.03,-0.02,0,0.27
1974872,4.28,0.66,-7.03,-0.02,0.01,0.26
1974879,4.28,0.66,-7.03,-0.01,-0.01,0.23
1974886,4.28,0.66,-7.03,0.02,-0.02,0.26
1974893,4.28,0.66,-7.04,-0.04,0,0.26
1974900,4.28,0.67,-7.04,-0.03,0.01,0.3
1974907,4.28,0.67,-7.04,-0.05,0.01,0.32
1974914,4.28,0.67,-7.04,-0.06,0.03,0.33
